Samples	meh	prkb	rbcl	rbcs	coxs	coxm	cutm	coxl	cutl	mct	abfd	acs	acss	acsb	nirk	nosz	norb	nirs	napa	nrfa	nira	narb	nasa	nr	hao	nit-6	nifk	nifd	nifh	pufm	peth	pete	petc	psba	psaa	apca	apcf	cpca	cpea	mpea	cpet	lhcb1	lhca1	sat	met3	apra	aprb	suox	sir	cysc	cysk	cysm	cysh	cysj	cysi	cysn	cysd
S01_Z00	0.0	70.073	644.2333	579.16744	598.20978	687.6468400000001	5.68851	207.33127	16.14235	0.0	385.63111	106.93439	0.0	0.0	411.28474	0.0	0.0	0.0	0.0	0.0	109.2255	395.6635	39.2033	0.0	0.0	0.0	0.0	0.0	0.0	142.79424	391.14719	81.1836	3106.620280000001	491.9831	1550.4800000000002	0.0	299.4993	17.50414	249.681	22.4676	736.5992100000001	0.0	210.5693	351.34582000000006	35.99049	15.54982	576.51681	24.88624	668.02391	2281.09808	1117.14302	288.92479999999995	1422.67249	1034.0879	953.2447	779.3746899999999	1304.0012300000003
S01_Z01	0.0	21.8295	366.14735999999994	177.57067	689.9196399999998	804.11418	16.5267	549.6831500000001	48.36665	0.0	30.2971	21.51638	0.0	10.1821	270.17114999999995	0.0	0.0	0.0	975.6126	0.0	489.2122	188.6565	26.93183	0.0	0.0	0.0	0.0	0.0	0.0	378.60592	246.79019	262.09771	2800.3260799999985	700.3666000000001	951.50853	0.0	393.4661	37.28419	577.1270999999999	54.040499999999994	1079.01001	0.0	115.75142	817.4096400000001	35.27784	0.0	970.7330900000004	35.87289	848.16047	2228.4271299999996	1690.86027	620.2811100000001	1785.19574	673.9900600000002	694.0334600000001	850.7303499999999	1655.5075500000005
S01_Z05	0.0	12.2026	35.02567	0.0	958.0869000000004	1506.4081000000012	35.452020000000005	733.8297299999998	113.2848	12.76302	142.87743999999998	5.35446	0.0	0.0	230.36943	6.41463	0.0	7.74529	41.95513	0.0	54.03983	3.08955	10.2953	0.0	0.0	0.0	0.0	0.0	0.0	3.45802	20.7507	0.0	1542.1455600000004	0.0	60.57659	0.0	10.5507	0.0	11.7073	11.7073	8.53163	0.0	0.0	2159.8907	227.3809	3.81259	1486.9158940000002	0.0	29.38377	2374.224510000001	823.8345599999998	833.6923999999997	561.3423399999999	694.8654	850.33845	373.76166	829.3592400000001
S02_Z00	0.0	0.0	530.4020199999998	659.69153	677.63957	543.46839	0.0	404.92230000000006	7.02562	0.0	571.8842999999999	22.0546	0.0	0.0	293.87161999999995	0.0	0.0	0.0	332.35949	0.0	511.6769000000001	150.97954	20.70319	0.0	0.0	0.0	11.611	0.0	0.0	180.21069	483.93123999999995	438.2563300000001	3297.0505700000003	758.1836099999999	1155.2437600000003	0.0	285.7663	97.11041	291.674	153.46	757.35608	0.0	79.83558	373.841	10.8654	11.0674	774.42378	11.31387	651.76913	1994.0413000000003	1651.00914	626.2276499999998	1361.8882	721.2335300000002	524.4708500000002	847.2366899999998	1290.4989899999996
S02_Z01	0.0	10.344	622.1899600000002	379.93934	774.1168299999999	808.19436	0.0	377.35707	24.02193	0.0	500.4552	75.4949	0.0	5.90987	272.05706000000004	0.0	5.64481	3.59684	322.8138	0.0	411.7362	138.28879999999998	14.41742	0.0	0.0	0.0	12.833	0.0	0.0	178.46421999999998	444.57805	239.4828	2841.065420000001	676.1650799999999	1005.34492	5.25626	404.54413	97.43618	286.5238	24.2816	519.4927	0.0	95.10037	162.40757000000002	0.0	16.41415	725.1673100000002	42.86475	544.4364699999999	2209.6489899999997	1544.7608599999994	228.64494	1004.8338	655.97338	516.70497	752.0479399999999	1227.7921300000005
S02_Z03	0.0	0.0	279.86615	223.73725	501.62533999999994	892.9445399999998	8.53244	450.8536	17.84485	5.6494	311.09159	15.0518	0.0	8.26547	191.90682999999996	10.4091	0.0	0.0	441.4149	0.0	391.6953	181.95246	11.1911	0.0	0.0	0.0	0.0	0.0	0.0	117.79557	298.62516	337.6412	1567.2654699999998	508.82914000000005	722.9551399999998	0.0	274.1667	13.1774	286.44187	66.7142	357.99930000000006	0.0	56.524820000000005	364.1096	43.32459	0.0	900.97532	0.0	325.94434	1134.1866999999995	1168.6553199999998	349.01525000000004	682.4025399999999	455.30475	228.64307	357.34677	1015.6444300000002
S02_Z05	0.0	77.63611	22.875	0.0	1324.83131	1797.486540000001	73.08762	1032.81581	240.78288999999995	135.2089	196.17319	11.011	0.0	0.0	174.95478999999995	2.67257	0.0	0.0	122.48652	0.0	78.18086	17.27833	35.505739999999996	0.0	0.0	0.0	0.0	0.0	0.0	6.26034	55.4449	26.613280000000003	1994.0528399999996	44.90492	67.36729000000001	0.0	40.0353	0.0	40.0434	0.0	111.66069	0.0	0.0	1645.7213400000005	73.10480999999999	12.169	1472.5573599999998	0.0	54.22163	3529.0927399999987	1050.55193	1218.03032	1032.62872	726.0875	1029.3874099999998	510.8284099999999	1076.20702
S03_Z00	0.0	0.0	892.0111	1008.83469	586.24464	709.29916	5.42466	348.15858000000003	21.80706	0.0	395.3355	14.448	0.0	0.0	220.43819	0.0	0.0	0.0	563.32152	0.0	458.4773	243.4907	21.99748	0.0	0.0	0.0	0.0	0.0	0.0	114.41259	384.12786000000006	264.74681999999996	2245.3357699999997	959.2237300000002	1686.89738	0.0	563.6533999999999	151.7581	509.9081	50.54903	1191.9780400000002	0.0	131.79945	171.77748	107.9239	0.0	594.9492	13.25909	758.5303	1669.7063300000004	1050.3984599999997	246.90374	1209.20557	661.4188399999999	508.0455500000001	393.73294	945.5528499999996
S03_Z01	0.0	0.0	332.39039999999994	247.12303	335.30582000000004	375.2227	5.81079	196.5516	19.82439	0.0	255.3152	66.75342	0.0	0.0	136.4071	8.21535	0.0	0.0	267.1376	0.0	259.52828	154.5315	15.29668	0.0	0.0	0.0	0.0	0.0	0.0	168.32346	348.47106	147.56783	1914.97488	197.80215	772.3071500000002	0.0	349.6539	77.0812	214.773	20.5788	1094.16759	0.0	69.39817	198.29824	41.7541	0.0	566.8458499999999	19.13021	611.3304800000001	1316.2449399999998	789.7378499999999	265.79013999999995	891.0291900000001	291.3634	360.9217299999999	300.23296999999997	794.6306600000001
S03_Z03	0.0	20.66022	814.4062900000001	324.962	611.8777299999999	981.32272	13.23	459.86243999999994	33.10832	0.0	434.36587	116.9486	0.0	0.0	204.90139	0.0	0.0	0.0	529.367	0.0	395.85546	396.2649	27.20306	0.0	0.0	0.0	0.0	0.0	0.0	164.02927	252.65558	235.56972000000005	2204.818750000001	1091.76727	1178.1738400000002	0.0	306.7889	30.31395	230.644	73.57793000000001	1600.9161	0.0	61.6537	723.74968	49.95447	0.0	905.2479	21.66231	200.24874	1717.8368499999997	1324.30027	617.0361400000002	781.6376700000001	736.46327	671.8300200000002	531.66091	1093.53802
S03_Z05	0.0	52.4725	261.1712	116.43132	733.7765400000001	650.0620800000002	6.75936	403.83999	44.37326	7.53872	293.30055	13.0791	0.0	0.0	159.34952	0.0	0.0	0.0	83.63589999999999	0.0	182.09954	49.92127	14.48171	0.0	0.0	0.0	0.0	0.0	0.0	95.6561	53.851699999999994	48.19861	1489.5143300000004	147.85651	175.02653	0.0	108.0922	16.08409	101.3744	28.5968	67.7884	0.0	7.40372	764.38057	0.0	0.0	1263.4355699999996	2.28119	144.70530000000002	1924.34753	829.7112000000003	520.81562	519.2497000000002	816.8879300000001	530.1859399999998	393.87977000000006	1039.6233900000002
S04_Z00	0.0	26.4015	593.48064	516.7319099999999	609.91931	769.6907	0.0	327.57397000000003	24.2198	0.0	296.6502	66.3947	0.0	0.0	111.03191	5.83467	0.0	0.0	156.57632999999998	0.0	306.84977999999995	98.31663	7.25364	0.0	0.0	0.0	0.0	0.0	0.0	207.63213	358.39593	122.0514	1825.24272	268.66998	800.9637999999999	0.0	244.4	39.3851	148.6275	49.409130000000005	833.54494	0.0	109.88009	197.22007	46.2712	8.05105	741.1595500000003	15.804939999999998	190.70404	1479.81229	1108.09555	411.66926	615.53008	532.8745	314.27895	400.97277	890.23264
S04_Z01	0.0	0.0	369.41184	268.05679	931.29361	712.7776499999999	13.38507	266.70126	70.6054	0.0	611.4091	133.01664	0.0	0.0	206.16921999999997	0.0	0.0	0.0	847.28582	0.0	311.13178	158.60472	16.09225	0.0	0.0	0.0	0.0	0.0	0.0	314.48086	267.02711999999997	283.35885	2418.077550000001	406.9908	456.21394	109.618	299.2392	135.0805	132.10757	34.2825	1714.06712	0.0	92.05606	483.9967799999999	23.317500000000003	12.0942	1290.0683699999995	11.07586	318.33016	2916.833200000001	1431.1870900000004	637.1444	895.6074300000002	842.2080500000002	329.84803999999997	515.62507	1298.1167199999995
S04_Z05	0.0	35.48535	103.8331	26.79785	915.72227	731.0712500000002	0.0	352.7867	79.31839	0.0	397.17558	30.3501	0.0	7.22704	113.03497	0.0	0.0	0.0	78.11665	0.0	30.2934	62.93347	49.04533	0.0	0.0	0.0	0.0	0.0	0.0	152.3969	30.7979	161.54038	1635.8950500000003	25.86412	59.615	0.0	63.38027	22.96522	22.8835	21.37093	932.44012	0.0	0.0	764.6105	0.0	4.06	928.71822	14.5289	76.5803	2517.083550000001	1151.38288	476.52825	546.9161999999999	1132.34147	432.05693	384.91055	1514.17876
S05_Z00	0.0	20.68645	94.75736	174.43327000000002	437.99102	336.32511999999997	0.0	176.51273	0.0	0.0	486.6465	20.78042	0.0	0.0	194.38215999999997	0.0	0.0	0.0	118.47636	0.0	312.44051	206.00306000000003	3.52347	0.0	0.0	0.0	0.0	0.0	0.0	218.67546	103.4332	108.92844	1408.6617599999995	482.04819	204.27492	0.0	244.86490000000003	37.3277	69.7704	0.0	2285.42293	0.0	0.0	266.34443	0.0	0.0	685.43182	0.0	225.0591	1936.7052599999995	1376.6551500000005	191.64141	484.5568299999998	636.97588	178.31822000000005	640.6917799999999	895.6778299999997
S05_Z01	0.0	77.84129	57.19973	154.40745999999996	866.1197100000002	928.25511	14.4991	440.6493	54.5557	0.0	531.5035	58.13156	0.0	0.0	317.43978999999996	0.0	0.0	0.0	824.2530999999999	0.0	271.8179	558.27998	47.56429	0.0	0.0	0.0	0.0	0.0	0.0	498.838	134.41825	273.76660000000004	3539.959473999999	134.52736000000002	407.1455199999999	33.1062	515.5015	237.69211	169.546	27.7773	3130.8387399999997	0.0	21.59038	550.9870800000001	0.0	0.0	1181.7744300000002	3.7598	579.97064	4063.7890900000016	3134.1947800000007	671.8087599999999	882.1024699999999	1056.54119	327.98973	939.27507	2119.2275200000004
S05_Z05	0.0	123.20085	16.01914	32.457679999999996	1608.15737	2047.346830000001	0.0	1090.78888	157.0633	15.2191	273.92285000000004	0.0	0.0	0.0	508.09423	50.00572	0.0	0.0	148.43703	0.0	96.2608	85.29776	122.49719	0.0	0.0	0.0	6.88942	0.0	0.0	30.2409	35.3815	38.46321	2242.6266299999993	79.27933000000002	4.26866	0.0	22.7205	5.77667	14.7978	9.81679	54.235	0.0	0.0	2479.21379	99.47137	13.8698	2493.48265	0.0	87.29357999999999	2988.371359999999	1369.50068	1559.7645	887.9865700000001	994.10341	1094.3614900000002	593.2528500000001	1392.5311200000003
S05_Z07	0.0	14.7459	42.823	16.8703	1140.51083	1569.26688	44.870999999999995	622.43421	225.27199	2.58755	280.7007	11.02805	0.0	0.0	342.2865	12.0089	0.0	0.0	109.50983	0.0	42.98788	3.76893	20.6763	0.0	0.0	0.0	0.0	0.0	0.0	16.57454	28.1586	76.12588	2046.1612100000004	56.8753	38.7543	0.0	30.25625	10.5667	10.8686	18.798209999999997	276.16589999999997	0.0	0.0	2118.7131100000006	173.6835	0.0	1483.9366600000003	0.0	60.2843	3244.54093	1241.78965	1488.7316400000002	568.74102	637.0695200000001	837.4171000000001	511.6218899999999	1212.3450099999995
S05_Z08	0.0	58.92707	42.951609999999995	6.42981	1418.4530300000004	1732.39458	27.4467	813.5469700000001	239.76523	102.815	282.85353	22.2602	0.0	0.0	502.91639	8.73215	0.0	0.0	61.80484	0.0	36.83404	11.57353	23.3191	0.0	0.0	0.0	0.0	0.0	0.0	0.0	9.34239	59.28391	2091.06116	60.50987	15.28592	0.0	0.0	0.0	0.0	0.0	18.07406	0.0	0.0	1594.28849	29.4022	0.0	1956.0333099999991	0.0	85.5941	3980.965430000001	1200.7699699999996	1705.6966200000002	639.0581700000001	809.0693300000001	600.8089000000001	641.3581800000002	1216.7164699999998
S05_Z09	0.0	86.57433999999999	57.28096000000001	0.0	2410.17452	3339.218960000001	186.8087	1824.65079	493.71691	57.27824	616.0434699999998	24.67885	0.0	0.0	1034.63046	44.652	0.0	0.0	102.14487	0.0	28.06985	27.5985	33.03897	0.0	0.0	0.0	0.0	0.0	0.0	4.84722	21.21383	151.78570000000002	2725.6283700000004	191.96039	26.1224	0.0	13.68881	0.0	5.00892	0.0	37.9413	0.0	0.0	4423.332119999999	372.28119	0.0	2995.1060500000003	6.51064	274.05903	7296.332240000003	2297.07333	2775.21325	1468.62603	1731.31346	1963.2216000000003	1185.27319	2148.16124
S05_Z10	0.0	0.0	21.439	0.0	1638.3827400000002	1847.60185	34.12344	972.5270800000004	157.27719000000002	12.6459	309.51227	17.6394	0.0	0.0	445.6331	20.08221	0.0	0.0	35.48639	0.0	19.31297	3.39406	11.61965	0.0	0.0	0.0	0.0	0.0	0.0	0.0	0.0	86.8146	2036.4606200000003	0.0	25.2342	0.0	0.0	13.18616	0.0	0.0	5.66781	0.0	0.0	1791.22201	78.36216999999999	0.0	1941.85501	6.68106	80.8677	3079.261579999999	1021.93769	1324.9570399999998	627.50498	419.1358799999999	699.1293	485.3198499999999	945.2868199999998
S06_Z00	0.0	250.92751	181.18347999999995	222.8508	2370.5260200000007	1099.51633	634.8555	2087.4512299999997	665.00003	0.0	18.9578	0.0	0.0	0.0	115.9466	18.3078	0.0	0.0	108.8373	17.9325	49.92966	162.8528	1243.83667	0.0	0.0	0.0	0.0	0.0	0.0	45.60874	122.0575	127.29971	2309.42856	325.0265	667.55575	175.0989	158.5707	48.4486	0.0	0.0	202.997	0.0	12.0029	887.49771	0.0	73.3214	145.66425	0.0	227.13376	4980.241829999999	3288.1609200000007	4729.040159999999	2406.2866299999987	315.90008000000006	1331.9195200000004	3476.10712	5278.364429999999
S06_Z05	0.0	23.7685	55.2541	0.0	1750.6420289999994	2177.642300000001	63.1099	981.97403	118.73383	102.9501	251.38939	67.71229	0.0	0.0	271.97245	0.0	0.0	18.334159999999997	83.40058	0.0	8.46916	0.0	136.667	0.0	0.0	0.0	0.0	0.0	0.0	0.0	0.0	8.35416	1219.5010500000003	0.0	21.82268	0.0	10.6751	0.0	7.17852	0.0	0.0	0.0	0.0	1580.1575399999997	31.588300000000004	4.80672	1215.1584600000003	28.6061	20.9585	2761.8991300000016	1230.6052500000003	697.7356700000001	679.99282	549.82373	522.2512	426.8468299999999	839.67033
S07_Z00	0.0	8.04164	615.16166	949.96226	2504.7391999999995	1094.47041	816.0617	2180.8339499999997	795.5369000000001	0.0	30.7819	0.0	0.0	0.0	180.2499	0.0	7.49074	0.0	32.4997	0.0	903.2529	448.7869	1489.89282	0.0	0.0	0.0	3.84291	0.0	0.0	99.5969	750.9140000000001	777.1985099999999	2740.0863400000003	803.5073	2330.6628	811.4615	683.3445499999999	10.1477	0.0	0.0	651.1109	0.0	52.4896	376.85729	5.78758	248.8998	60.7414	2.9723	848.59979	5132.777450000002	3307.8401099999996	5948.76136	3845.20944	307.05115	1406.7365199999997	2395.566889999999	5932.234490000001
S07_Z01	0.0	36.7497	207.80503	119.77387000000002	677.12786	792.69398	0.0	259.72369000000003	0.0	20.20647	763.8196399999999	7.47548	0.0	0.0	146.99705	0.0	12.09068	0.0	684.2714500000001	6.08499	177.0355	82.4422	52.5955	0.0	0.0	0.0	0.0	0.0	0.0	136.82777000000002	144.43905	702.60539	1887.91705	50.71686	278.22546	0.0	128.71069	30.5876	62.2278	70.085	644.9869	0.0	22.79153	806.0700200000002	19.56381	43.26932	1003.02187	0.0	133.23062	1634.6941500000007	1073.4600399999997	300.00147	543.9914699999999	1692.5080900000005	273.49996999999996	333.14939	1203.7294799999995
S07_Z03	0.0	72.2628	153.239	63.62958999999999	1302.2413600000002	1752.1609200000005	23.504219999999997	644.5618600000001	49.6114	51.0118	626.66151	66.34768	0.0	0.0	366.09477	0.0	8.6574	11.4178	46.96838999999999	0.0	157.17587	90.16568	91.53508	0.0	0.0	0.0	0.0	0.0	0.0	85.6488	131.22335	235.33981999999995	2425.9685799999997	278.075	240.42735999999996	2.99502	150.52738999999997	17.3731	57.8843	25.1562	1007.74663	0.0	36.95702	1376.4041799999995	27.9227	41.51203	1972.3739899999991	10.1588	173.38139	3295.9397999999997	1419.9431600000007	973.3292200000004	752.64816	1347.82299	627.6931700000001	470.26834	1138.3711499999995
S07_Z05	0.0	0.0	33.0881	31.8194	913.8097599999998	1340.19731	17.87625	492.78321	41.7652	53.918099999999995	109.6541	36.20868	0.0	0.0	282.96922	11.179	0.0	12.9792	11.0706	0.0	46.3778	11.80469	66.40944	0.0	0.0	0.0	0.0	0.0	0.0	0.0	49.11909	33.0096	843.5754600000001	55.7107	38.645	38.8533	32.3879	8.53079	5.13469	0.0	5.77862	0.0	0.0	987.62628	71.58582999999999	0.0	707.67391	9.76562	40.82888	1796.3378099999993	820.2571199999999	581.5156900000001	388.07591999999994	267.84662000000003	221.96872	213.57645999999997	601.5213499999999
S08_Z00	0.0	13.77912	564.5138	130.6257	1163.3911799999998	748.2264400000001	0.0	501.0833	0.0	0.0	256.8001	44.19361	0.0	0.0	138.31258	0.0	0.0	0.0	438.8021	0.0	268.74613	77.03099999999999	62.9822	0.0	0.0	0.0	0.0	0.0	0.0	535.75359	71.2622	95.0446	2532.0681899999995	811.29229	839.70149	37.0814	271.3856	40.6435	84.3751	0.0	603.88178	0.0	362.6021	313.05076	0.0	38.0234	960.8179099999998	8.6775	485.4824	1984.36737	1808.60555	697.9341599999999	1416.2261499999995	916.1185799999998	734.5667799999998	559.47801	1191.1843999999996
S08_Z01	0.0	18.4754	569.57092	714.43488	1533.9114499999996	990.62887	0.0	549.2659399999999	33.7147	0.0	300.5179	31.9082	0.0	0.0	131.49810000000002	0.0	0.0	0.0	746.5890899999999	0.0	528.9539	58.1111	57.71610999999999	0.0	0.0	0.0	0.0	0.0	0.0	494.13778999999994	279.51152	176.98660999999998	2606.25925	118.43202999999998	1069.1082	34.3	405.5529	299.64977	121.9219	110.4859	994.49794	0.0	434.49648	461.2335900000001	0.0	85.3961	1371.9822600000002	7.13024	660.3845	2209.8234799999987	2181.6425100000006	1018.4259699999998	1361.06385	1307.63493	721.9370299999997	558.3647600000002	1225.9473
S08_Z03	0.0	0.0	577.28316	394.6059	1881.1501300000004	1664.5530300000005	5.40934	755.9744900000001	23.42099	0.0	455.87337	34.55166	0.0	3.778	315.06537	36.59447	0.0	0.0	623.645	0.0	398.37540000000007	94.4946	40.2063	0.0	0.0	0.0	0.0	0.0	0.0	301.18469	115.27157	80.73163	4345.345769999999	210.30702	913.38654	0.0	334.66055000000006	183.02522	131.0868	71.9022	1116.19936	0.0	177.55768	1113.40004	62.85831	85.3704	1911.7372900000005	0.0	645.3015	2792.2129200000004	2526.45158	1550.2352600000004	1502.98916	1552.82628	1116.78609	689.5937700000001	1663.08608
S08_Z05	0.0	56.94323	5.4803	0.0	453.7682899999999	1189.0527799999995	45.88552	531.34114	59.94215	18.44241	125.4453	41.9475	0.0	0.0	619.9384799999999	42.33015	0.0	0.0	70.18612999999999	0.0	81.95793	26.82824	57.35417	0.0	0.0	0.0	0.0	0.0	0.0	6.31329	53.33955	22.77983	1214.5772699999998	22.58	32.34742	0.0	33.89443	28.04203	26.140510000000003	13.9867	15.89153	0.0	0.0	1545.21436	101.7621	0.0	1306.6606099999997	3.88854	70.42478	1931.0648000000003	749.2126599999999	890.1173099999999	660.5181799999999	864.65423	1122.96863	330.19370000000004	775.2783000000001
S09_Z00	0.0	3.53238	342.22984	203.80749	993.76276	1252.69764	4.97521	591.3743900000001	56.67068	0.0	480.662	36.8673	0.0	10.4675	317.2742	140.74114	4.42843	0.0	463.2741	0.0	188.47227	125.04941	23.85147	0.0	0.0	0.0	0.0	0.0	0.0	372.94749999999993	191.25211	66.97823	2977.2949600000006	119.24641	450.4248000000001	10.2517	159.78286999999997	67.28612	100.3006	7.61226	35.08198	0.0	40.12408	788.32011	9.26252	23.35414	1726.83151	33.26915	408.5532100000001	4499.598269999998	2829.61923	1406.6026800000002	1701.2974299999996	1243.6536499999995	1191.9288300000003	1249.43975	2148.771569999998
S09_Z01	0.0	16.018349999999998	177.39129	108.83343	711.5173499999997	1471.8201199999996	0.0	517.86261	35.51037	0.0	406.958	21.96264	0.0	0.0	329.08964	18.71459	0.0	0.0	389.5573	0.0	114.98085	61.77693	39.548	0.0	0.0	0.0	0.0	0.0	0.0	330.82106000000005	47.6921	168.9184	2068.96631	104.098	185.32575	0.0	43.2381	16.9295	37.1515	14.3756	13.3876	0.0	19.47573	510.90257	0.0	17.58996	1464.7540300000005	3.68381	261.5741	2939.9179100000006	2165.0185699999997	742.98956	833.9612299999999	1391.0966999999996	657.0475600000001	800.8073100000001	1349.8789100000008
S09_Z03	0.0	12.0439	68.60436	20.48444	880.1806499999998	1553.3814	0.0	596.74087	53.67378	0.0	343.871	0.0	0.0	0.0	337.05581	56.83922	0.0	0.0	0.0	0.0	53.958000000000006	43.647180000000006	25.17333	0.0	0.0	0.0	0.0	0.0	0.0	246.9633	52.63357	49.770030000000006	2287.14102	34.4618	50.4786	0.0	43.37869	5.32773	22.1682	12.2008	2.30502	0.0	0.0	865.6371900000001	8.584	16.45155	1686.45221	0.0	265.0024	3759.4992099999968	2430.60602	1041.74627	1087.9848100000004	986.62064	1242.28388	604.57645	1808.58939
S09_Z05	0.0	37.07686	114.58343	20.89255	958.09573	1260.5033999999996	0.0	571.9512900000001	69.07974	0.0	416.168	20.5051	0.0	0.0	386.2455100000001	25.56113	0.0	0.0	378.75792	0.0	24.5099	22.3928	0.0	0.0	0.0	0.0	0.0	0.0	0.0	398.3793	36.2099	105.40791000000002	2353.36752	11.9202	55.67572	0.0	36.04069	0.0	21.4718	10.3767	6.78708	0.0	0.0	1239.6030500000004	8.43074	15.2723	1442.7484	0.0	208.9243	3347.4263500000015	2210.4910699999996	731.24726	1128.69194	960.7530000000004	897.9787100000001	603.5586400000001	1354.4304000000004
S10_Z00	0.0	8.05226	187.38458	67.70287	803.8455200000002	1204.8365	5.17955	704.1172400000002	34.17165	0.0	359.265	26.4803	0.0	7.66895	139.91446000000002	17.19984	12.1103	0.0	271.80768	0.0	450.7774999999999	233.25753	58.06715	0.0	0.0	0.0	0.0	0.0	18.6464	611.33631	249.1942	332.8948699999999	3060.333100000001	235.50778999999997	500.46803	0.0	475.41457	163.1011	270.394	8.36889	160.60269	0.0	49.63909999999999	907.4510200000002	0.0	0.0	981.3444900000002	8.4289	1164.59509	4031.7597499999974	3385.89771	839.90226	2502.376880000001	1265.09517	1158.9461400000002	1513.77941	2675.215
S10_Z01	0.0	29.4811	174.05899	107.60665	955.56432	1438.0759700000003	0.0	579.84963	97.97042	0.0	0.0	6.88604	0.0	6.65083	290.24043	35.82827	0.0	0.0	1972.62507	0.0	513.8993	456.71091	2.28016	0.0	0.0	0.0	0.0	0.0	0.0	279.4622	306.3036	392.11968	3918.76223	102.37991	561.5060300000001	0.0	563.0296	134.4477	304.51967	105.78	303.99746000000005	0.0	19.72559	1874.3240599999997	15.6209	0.0	1567.6148800000003	6.61176	688.0841	4474.198029999998	2428.85265	1118.4643300000002	1361.9471000000003	1367.7291999999998	807.67714	941.06436	1905.83743
S10_Z03	0.0	35.483999999999995	16.21846	0.0	369.90741	655.59307	0.0	195.45529	6.39771	0.0	119.96977	0.0	0.0	0.0	234.64049000000003	38.70593	0.0	0.0	113.661	0.0	0.0	29.11054	0.0	0.0	0.0	0.0	0.0	0.0	0.0	4.66924	0.0	0.0	804.9449299999999	0.0	0.0	0.0	0.0	0.0	0.0	0.0	0.0	0.0	0.0	955.2256	21.514	0.0	489.91145	0.0	10.8378	1447.4966799999993	589.8448999999998	427.5081599999999	214.01437	378.88494	271.54127	134.75185000000002	412.96817
S10_Z05	0.0	22.1022	5.70394	0.0	887.7266299999999	2304.80224	26.6411	900.1104300000001	89.33546	0.0	179.88306	0.0	0.0	0.0	450.57053	66.3847	0.0	0.0	130.90763	0.0	39.76416	48.0425	46.67774	0.0	0.0	0.0	0.0	0.0	0.0	28.089550000000003	23.66861	19.19779	2869.698610000002	12.3931	0.0	0.0	36.10174	8.17233	19.7411	6.42141	37.60475	0.0	0.0	2995.104269999999	115.67359999999998	0.0	2036.36777	7.31381	102.5919	3878.7819300000015	1384.42619	1443.846226	717.44946	1191.9879199999996	888.1004600000002	502.26375	888.3828599999997
S11_Z00	0.0	53.6801	118.36183	101.5102	1046.5277299999998	1035.2584	12.2581	641.20346	76.76522	27.6687	903.02348	33.03339	0.0	0.0	220.78597999999997	0.0	21.3668	0.0	757.81678	5.45042	47.4961	92.69621	178.23621	0.0	0.0	0.0	0.0	0.0	0.0	134.52957	120.3254	388.92999	3103.74111	100.22671	131.3587	3.73307	130.91738	74.282	56.6959	56.852	685.15737	0.0	6.84517	1228.11239	36.02288	160.915	1678.1970999999996	3.6699	185.03271	3022.3706099999995	1902.0496000000005	1643.3369799999996	1385.7381900000005	2325.6162400000003	926.11546	839.3065799999998	2061.05043
S11_Z01	0.0	25.71282	132.3761	60.7398	934.7568200000002	2264.576969999999	3.03193	673.5643200000001	81.04820000000001	0.0	652.2295399999999	59.87456	0.0	30.12646	449.49323	56.7189	0.0	0.0	47.524159999999995	17.6484	299.68137	173.47704	64.97666	0.0	0.0	0.0	0.0	0.0	0.0	133.21257	156.229	158.45534	2455.062020000001	65.35715	141.32142000000002	0.0	232.24065	45.4456	208.62774	0.0	95.12047	0.0	0.0	1501.39177	0.0	0.0	1872.0987599999996	33.104020000000006	74.4603	3093.677759999998	1597.2187800000002	533.5046100000001	989.63888	633.65098	638.4162900000001	682.53086	1389.8292200000003
S11_Z03	0.0	47.81210000000001	97.36337	23.2913	992.6466799999996	1609.86307	32.57636	981.60464	118.0197	0.0	391.49369	19.23625	0.0	12.6569	490.00193	63.08894	0.0	0.0	502.36956	0.0	88.24969999999999	151.62079999999995	105.89278	0.0	0.0	0.0	0.0	0.0	0.0	94.19579	85.29208	45.69556	2428.1955599999983	11.3241	29.916600000000003	0.0	74.39882	7.57511	56.19209	16.9974	46.38515	0.0	0.0	1539.7046800000005	3.27698	115.10528	1490.37262	0.0	107.20635	3268.1349299999997	1349.3477999999996	688.83697	834.3174299999997	798.99519	735.5920399999998	550.5880700000001	937.71775
S11_Z05	0.0	94.3	39.04711	0.0	1662.75085	3565.995420000001	82.58923	1696.7118999999998	280.00780000000003	34.3185	291.09988	70.6607	0.0	11.2563	547.01567	119.95960000000002	16.926250000000003	0.0	229.56677	20.9788	10.4705	138.29827	218.65688	0.0	0.0	0.0	0.0	0.0	0.0	18.80079	32.398399999999995	61.570800000000006	4753.00693	17.1937	60.2966	0.0	0.0	0.0	9.94959	0.0	0.0	0.0	0.0	5994.52067	63.64738	442.6343	3762.0348300000014	37.218	72.32502	6348.100620000002	2087.3376000000003	1537.40334	1198.4923400000005	1215.15108	1172.0754699999998	887.28613	1557.66558
S12_Z00	0.0	0.0	349.13333	245.65869	1327.1083	2268.75412	6.05299	787.9315	0.0	0.0	239.948	60.8516	0.0	0.0	926.9145799999995	200.6703	19.7698	0.0	258.0194	8.20726	121.2924	80.4436	46.08443	0.0	0.0	0.0	0.0	0.0	0.0	530.56787	62.3904	58.7942	4101.83503	219.47313000000003	775.99464	0.0	38.2977	26.006960000000003	25.7222	19.7517	27.2197	0.0	143.97804000000002	1358.9422000000002	0.0	180.07701	1562.4766499999998	0.0	303.89915	6422.750520000002	4345.752899999999	1534.2147299999997	2760.66707	862.2571899999999	3874.67337	920.26775	1837.51776
S12_Z03	0.0	181.70862	85.54302999999999	41.35347	1852.7858300000005	2724.3304000000016	12.4994	986.0610499999998	207.73813	14.4394	159.32477999999998	6.60202	0.0	0.0	1106.74844	150.42464	20.84271	0.0	80.73001	0.0	90.9019	39.41534	49.93609	0.0	0.0	0.0	0.0	0.0	0.0	64.1078	16.6631	127.91379	3051.1648999999993	85.91103	68.46732	0.0	28.7763	13.311229999999998	15.1245	9.02586	7.24172	0.0	0.0	2768.3726400000005	207.24666	0.0	3304.137819999999	0.0	67.40621	4283.894950000001	2096.20024	1772.8444599999998	965.71363	1116.2888099999998	1129.5137599999998	610.2958200000002	1544.74755
S12_Z05	0.0	145.09528	23.4128	9.60647	1252.68494	1911.0387100000005	9.53822	934.385404	134.35639999999998	0.0	137.03164	0.0	0.0	0.0	1285.07832	242.02216	13.3183	0.0	30.50305	8.19817	36.26499	19.73777	28.80119	0.0	0.0	0.0	0.0	0.0	0.0	0.0	8.24613	73.83639	1976.5580299999997	17.61138	26.38326	0.0	13.86293	8.29561	3.96679	5.47861	3.92916	0.0	0.0	2172.617399999999	193.86291999999997	0.0	1505.8381400000007	0.0	61.61521	2813.0834199999995	1407.20904	1368.2690900000005	707.8177499999999	897.1533000000002	868.7398400000002	566.3726300000001	988.66926
S13_Z00	0.0	119.80864	784.06163	154.99242	719.4487100000002	916.8354	0.0	256.77161	0.0	0.0	490.20101	8.24048	0.0	20.4719	447.70153	32.95743	21.1652	0.0	523.38903	0.0	7.25562	0.0	101.70915999999998	0.0	0.0	0.0	0.0	0.0	0.0	443.79273	31.83047	32.867889999999996	4478.550179999999	97.56171	895.56333	0.0	15.30144	70.33670000000001	7.64639	9.58381	30.61979	0.0	304.796	655.9150700000001	0.0	28.4698	1288.9588699999997	9.33225	189.39805	3040.3265200000005	2335.244010000001	460.49985	1223.7441700000006	1038.95186	1406.29381	794.55088	1245.69069
S13_Z01	0.0	66.22065	622.0394799999999	369.9253	608.85088	866.2730100000001	0.0	467.2352	0.0	0.0	313.42596000000003	0.0	0.0	13.6812	309.93066	25.6976	9.59824	0.0	187.203	0.0	35.56332	26.22681	16.95609	0.0	0.0	0.0	0.0	0.0	7.99542	496.45688	24.81499	29.19833	2606.1871199999996	121.70851000000002	670.8417	7.96934	13.9917	0.0	0.0	16.0931	60.26799	0.0	176.026	461.26987	0.0	24.4354	1036.0873299999998	12.8693	97.19458	2244.35577	1867.1403000000005	752.46586	1081.4559	796.5933599999998	813.66812	581.17494	1052.50945
S13_Z03	0.0	100.5125	152.59402	97.6192	619.2327	1189.34243	12.2022	529.05112	66.4255	0.0	408.5526	22.69229	0.0	8.17857	365.25911	25.0116	0.0	0.0	395.79869999999994	0.0	90.86629	8.24831	38.218	0.0	0.0	0.0	0.0	0.0	0.0	103.81609	40.378960000000006	177.83485	2093.3167900000003	156.38177000000002	117.82119	7.23475	47.5481	8.10112	8.46899	19.54398	31.699959999999997	0.0	27.59505	1554.1291	50.118089999999995	0.0	1364.7594800000002	11.9352	63.02658	2440.9142999999985	1443.4212699999996	477.40211	635.4300699999999	732.9934700000001	422.8695799999999	267.60345	1198.66225
S13_Z07	0.0	26.2215	65.87989999999999	65.3604	560.96301	940.01707	16.3055	481.88167	13.0396	0.0	32.2422	0.0	0.0	0.0	901.39559	94.08458	0.0	0.0	8.82798	0.0	0.0	8.59336	18.02097	0.0	0.0	0.0	0.0	0.0	0.0	0.0	0.0	18.96205	798.9795499999999	0.0	44.1977	0.0	0.0	0.0	0.0	0.0	0.0	0.0	27.9451	746.0131100000002	11.129	0.0	556.5922400000001	6.05164	30.014760000000003	1529.7528799999998	572.09023	706.87942	630.4612500000001	445.0785100000001	725.32062	507.6634700000001	834.49854
S13_Z09	0.0	22.3938	17.45268	0.0	1361.95721	2149.44985	0.0	795.1045399999999	30.497100000000003	21.6362	319.26642000000004	0.0	0.0	0.0	271.74012	19.8459	0.0	0.0	0.0	0.0	37.9601	14.0515	11.3881	0.0	0.0	0.0	0.0	0.0	0.0	0.0	7.73211	9.96655	988.36816	0.0	14.7561	6.41304	4.15041	0.0	0.0	5.5308	0.0	0.0	0.0	1716.58831	0.0	0.0	1163.09344	0.0	169.30007	1994.0195799999992	691.82293	921.09905	521.1207200000001	617.6940000000002	573.4572799999999	202.04924	971.9790099999998
S14_Z00	0.0	0.0	78.36716	389.84189	0.0	0.0	0.0	0.0	0.0	0.0	0.0	3.75783	0.0	0.0	0.0	0.0	0.0	0.0	23.131079999999997	0.0	0.0	2.68847	18.95543	0.0	0.0	0.0	18.2947	0.0	0.0	0.0	8.22436	0.0	3.012	263.63957	450.87892	0.0	0.0	0.0	0.0	0.0	0.0	0.0	0.0	0.0	0.0	0.0	0.0	54.67417	0.0	46.89105	0.0	0.0	0.0	22.414949999999997	0.0	22.0673	9.27958
S14_Z01	0.0	205.6537	407.1237600000001	377.51004000000006	1070.2013600000002	1042.02228	0.0	587.24605	0.0	0.0	725.2713799999999	40.9581	0.0	12.5872	310.75183	5.5423	5.86375	0.0	102.5733	0.0	407.41676999999993	105.67742	20.26057	0.0	0.0	0.0	0.0	0.0	0.0	389.20171	649.15845	197.23206	3132.158460000001	1392.40628	772.8246000000001	105.02931999999998	315.43692000000004	111.89783	400.62058	249.35129	652.0734600000001	0.0	84.95381	497.612	11.8971	0.0	1730.7095899999997	12.4483	653.5817499999999	2682.575060000001	1996.99519	365.29186	1242.77834	1684.80382	301.87990999999994	532.38669	1240.1783799999994
S14_Z03	0.0	78.54467	226.85001	151.85580000000002	996.8954500000002	1257.0254599999998	13.9799	746.7002400000002	11.4076	5.35344	727.9515	43.54371	0.0	9.69498	630.09869	28.57405	0.0	0.0	507.60051	0.0	31.04222	121.77858	50.1704	0.0	0.0	0.0	0.0	0.0	0.0	174.54278000000002	45.70154	55.578669999999995	2665.3877300000004	67.35257	188.30179	0.0	13.9747	40.802400000000006	3.15203	28.190039999999996	10.3145	0.0	23.08173	1061.91527	20.730310000000003	6.79748	1709.00715	16.95675	20.71377	3378.0479200000027	1843.3000400000003	447.20976	891.1994400000003	1308.7061900000003	563.2889799999999	556.6043200000001	1788.73717
S14_Z05	0.0	93.84827	36.22263	36.22263	762.03124	1610.19784	0.0	787.0672999999996	175.07114	0.0	197.41426	6.94801	0.0	0.0	694.6610000000001	158.3648	5.94315	5.8296	170.2943	0.0	39.035	163.99034	57.17889	0.0	0.0	0.0	0.0	0.0	0.0	47.77018	3.44606	109.45267	2621.8419599999997	8.51991	25.55474	0.0	6.42849	7.09939	0.0	0.0	0.0	0.0	0.0	1615.8068300000002	10.588	0.0	2431.2702299999996	5.70797	8.58998	4031.572510000002	1379.8457	1069.47996	885.4561599999997	1422.65584	683.8055499999999	579.1786299999999	1153.2298500000002
S14_Z07	0.0	59.58836	73.75209000000001	29.78449	881.2437899999999	1814.13286	0.0	736.7515799999996	157.66263999999998	0.0	116.7747	0.0	0.0	0.0	1261.2998299999997	325.40837999999997	0.0	0.0	297.60186	0.0	75.14331	84.5196	0.0	0.0	0.0	0.0	0.0	0.0	0.0	7.10682	7.34457	30.10185	1699.935810000001	25.51232	52.86271	5.94048	4.4391	0.0	0.0	0.0	7.43423	0.0	0.0	1821.4281599999997	100.96291	0.0	1364.93792	0.0	86.6112	3155.50607	1249.08515	623.2732600000002	633.14388	546.58469	630.3927000000002	746.84598	953.25652
S14_Z09	0.0	50.7231	16.286839999999998	6.18012	2003.24157	2688.2001799999994	144.687	1375.781262	36.419160000000005	11.6371	261.0753	0.0	0.0	0.0	614.1726799999999	45.32855000000001	36.2832	0.0	4.01843	0.0	27.47678	34.23443	126.18225	0.0	0.0	0.0	0.0	0.0	0.0	4.69333	26.38409	39.11541	1683.3424599999998	17.2621	41.07407	5.01695	0.0	31.866639999999997	5.09346	0.0	12.67547	0.0	0.0	1836.27646	166.3565	0.0	1094.9470899999997	12.2606	243.14819999999995	3583.151300000001	1078.1022700000003	891.4094900000001	939.5509500000004	697.4457399999999	948.89453	624.82074	1225.30883
S15_Z00	0.0	13.6897	1056.66512	197.36269	758.1231700000001	1431.5505199999998	0.0	579.18503	20.2096	0.0	450.8613	64.70836	0.0	0.0	544.2943199999999	108.63755	0.0	0.0	768.2447	0.0	566.95388	117.7726	33.7355	0.0	0.0	0.0	0.0	0.0	0.0	396.91871	269.7621	242.73528	3109.29681	182.07633	1395.2349899999997	0.0	325.06190000000004	319.68080000000003	164.1971	306.0199	321.9896600000001	0.0	317.63707	788.94942	0.0	64.044	1615.6935000000003	0.0	522.88314	3173.3403799999996	2009.3394899999992	639.4317	1229.0342000000005	847.5459999999999	574.82715	396.91123	1156.5811199999998
S15_Z01	11.6355	0.0	965.2354200000002	434.5022100000001	816.7339599999998	1276.83133	0.0	445.79336	0.0	0.0	576.2863	13.5474	0.0	0.0	343.45981	101.784	0.0	0.0	644.8038	0.0	911.01717	49.64688	46.792	0.0	0.0	0.0	0.0	0.0	0.0	502.4037	515.3735	232.46294	3778.442060000001	58.72437	1421.67154	97.5181	592.0163	370.4453999999999	215.57799000000003	192.6497	639.63301	0.0	284.54404999999997	627.60606	4.17311	79.6353	1300.5033199999998	0.0	451.3808599999999	3848.398960000001	2387.5779700000003	612.9594599999999	1508.6229700000006	1121.31838	1271.98049	429.94859	1274.9398499999998
S15_Z03	0.0	38.24794	244.49343999999996	73.0122	973.0680199999998	1979.8922600000003	11.47319	862.69201	145.93591999999998	0.0	265.88432	31.42613	0.0	6.93087	755.2127700000002	95.66658	0.0	0.0	309.26279999999997	6.2146	164.6153	179.50922000000003	67.33330000000001	0.0	0.0	0.0	0.0	0.0	0.0	127.11924000000002	122.4556	85.19059	3580.3814399999983	95.78493	190.50334000000004	0.0	96.5945	69.9842	92.05095	67.8292	80.88421000000001	0.0	22.364	2090.62342	15.24622	8.61038	2515.304709999999	0.0	142.7862	4391.95492	1810.6111199999991	821.3160599999999	1032.50106	1597.13512	658.6541300000001	493.44885	1536.02617
S15_Z05	0.0	97.33227	85.57936999999998	28.7275	1301.31596	2734.308849999999	0.0	991.2689200000004	149.154	0.0	121.3873	0.0	0.0	0.0	1198.8340899999998	157.839	4.72786	0.0	93.172	0.0	55.51155	21.23254	39.72128	0.0	0.0	0.0	0.0	0.0	0.0	46.35498	21.55385	59.51279999999999	2805.3280700000014	38.6047	80.45462	0.0	30.1689	10.29567	13.8355	20.62051	13.61616	0.0	0.0	2920.1661400000003	99.5371	0.0	2787.87346	6.58281	48.43292	4500.6992999999975	1324.30811	684.6578100000002	926.6799099999998	1028.4600300000002	791.0269099999999	616.0053	1417.9645699999996
S15_Z07	0.0	269.94732	31.52193	11.99509	1737.1497100000004	1965.75511	157.6023	1139.72481	190.4096	8.62184	324.88444000000004	12.2058	0.0	0.0	1461.29483	182.08357	11.354	0.0	9.43466	0.0	76.47403	60.33512	144.21994	0.0	0.0	0.0	0.0	0.0	0.0	8.11244	23.89864	27.07257	2264.205769999999	6.75036	38.63629	0.0	24.65708	20.07724	22.9091	9.46491	19.53383	0.0	0.0	2054.3885699999996	153.41341999999997	0.0	2023.2715499999997	0.0	198.77132	3706.6278900000016	1144.0674799999997	940.32813	1273.14342	1258.18794	1186.49662	633.88487	1202.73781
S16_Z00	0.0	81.33981999999999	2747.847	1341.88745	1213.8769899999998	1767.3663600000002	104.088	892.96918	28.57823	0.0	322.1875	102.69382	0.0	0.0	793.9416799999999	118.17197	7.02727	0.0	668.5656	0.0	687.23453	326.62827	33.737809999999996	0.0	0.0	0.0	0.0	0.0	0.0	496.1494	710.27882	250.9415	4300.844240000001	447.85637	3032.4544	0.0	616.0742	361.6857	251.888	292.39502	259.35247000000004	0.0	1113.5304	1708.0571899999995	28.03482	86.3844	1674.1127199999996	13.09942	675.05873	4308.010640000002	2640.55092	937.16745	1830.10957	1094.15561	1259.73193	507.08393	1551.15361
S16_Z01	0.0	43.4899	1893.05589	187.55999	971.90651	1329.93748	0.0	784.03225	37.089	0.0	248.74820000000005	45.72214	0.0	0.0	366.4019799999999	176.66059	0.0	0.0	231.8235	0.0	294.45782	189.0821	35.392	0.0	0.0	0.0	0.0	0.0	0.0	265.74767	257.3728	77.10130000000001	4148.850860000001	3750.87276	1297.99868	0.0	198.0391	133.035	124.17404	163.28621	91.6065	0.0	683.68294	1350.3757200000002	13.87885	92.1865	1457.3181600000007	2.78067	435.1118	3565.9831999999997	3225.3001299999996	963.79506	1421.7405400000002	955.85718	632.5707800000001	485.93953	1289.12829
S16_Z03	0.0	60.3527	376.4976700000001	150.41246	802.7063300000001	1674.0140500000002	0.0	876.20919	108.01708	0.0	145.13262	6.89344	0.0	0.0	468.06256999999994	88.14264	0.0	0.0	93.4882	0.0	154.65731	171.47944	37.642	0.0	0.0	0.0	0.0	0.0	0.0	122.36851	102.3192	87.74043	2471.70349	95.30261	476.41099	0.0	56.71417	54.37445	50.38409	38.2664	66.9669	0.0	94.8831	1873.8976800000005	12.42	14.677	2025.89529	0.0	82.88629	3980.715369999999	1485.85867	1143.96555	891.6397500000002	1433.7299300000002	728.3760100000001	521.8681799999999	1665.08042
S16_Z05	0.0	58.25306	65.7341	23.8838	1560.8599400000005	2191.19808	0.0	578.4407500000001	104.9511	0.0	92.9955	0.0	0.0	4.55255	1820.42086	356.16243999999995	20.03188	0.0	136.12170999999998	0.0	223.81834	43.44345	13.51718	0.0	0.0	0.0	0.0	0.0	0.0	7.76132	90.35998	121.85081	3490.237340000001	125.95857	167.8539	0.0	133.1588	57.1392	70.97683	33.69231	29.30413	0.0	0.0	2903.5189500000015	178.29503999999997	0.0	1897.11595	30.58639	159.86516	5230.316099999999	1871.50373	1448.1021500000002	1046.2182300000004	1726.43729	1266.56745	808.2686299999999	1945.70711
S16_Z07	0.0	102.1366	11.08375	11.52479	1050.3265899999997	2545.3441	0.0	831.3877399999999	88.18016	0.0	40.09846	0.0	0.0	0.0	1723.499	561.39474	0.0	27.3426	83.96162000000001	25.0524	76.27281	74.95725	100.22436	0.0	0.0	0.0	0.0	0.0	0.0	9.06262	14.2332	26.25994	2533.149700000001	0.0	23.83347	0.0	13.4624	0.0	9.30363	0.0	0.0	0.0	0.0	4087.697420000001	59.6538	46.46801	1672.5073	8.87412	93.37707	4619.227069999997	1424.8346800000004	2019.4671500000009	1406.37323	888.5561299999999	1978.48126	1009.24001	1734.7358000000002
S17_Z00	0.0	99.20312	794.44729	322.20867999999996	880.5524799999998	767.3811799999999	0.0	513.26507	140.18256	0.0	355.6522	47.1388	0.0	0.0	1892.0154700000005	413.31531	14.4856	28.0958	234.00662	0.0	316.95176999999995	139.74994	8.29759	0.0	0.0	0.0	0.0	0.0	0.0	300.06327	231.9588	382.10588	2463.627019999999	1189.77002	1265.9179499999998	0.0	311.2027	172.1702	156.7485	38.661	212.90098	0.0	217.6547	823.67536	11.813	0.0	1244.8903200000002	12.74621	461.85896	3039.76122	1931.71596	665.65039	1266.9210000000005	1659.4559199999997	593.9040199999997	585.82914	1306.5985099999996
S17_Z01	3.62036	46.90619	366.3105000000001	111.99393	914.08581	753.1626300000003	0.0	433.5327000000001	95.8779	0.0	520.4326	17.27229	0.0	0.0	1793.34642	469.66168000000016	23.61052	22.1504	215.7855	0.0	152.5076	49.831	58.6583	0.0	0.0	0.0	0.0	0.0	0.0	342.99555000000004	188.9914	151.95316	2100.00233	265.04166	544.32297	0.0	263.7577	68.85470000000001	123.54823	115.8324	434.51729	0.0	152.06036999999998	1158.7102	62.819	0.0	2148.8317499999994	5.68576	302.43453999999997	3335.296119999999	1817.0259599999997	321.17522999999994	870.6694899999998	1489.83982	618.0816199999999	467.18207	1213.6689200000003
S17_Z03	0.0	136.36746	89.91284	35.036699999999996	1666.41114	1953.1004700000008	0.0	853.6868299999999	240.02415	0.0	179.79314	7.49116	0.0	0.0	2415.9548599999994	315.04813	10.3059	0.0	74.49329	0.0	96.54784	182.59831	93.39543999999998	0.0	0.0	0.0	0.0	0.0	0.0	20.09942	30.00235	213.74296	2592.9985999999985	28.1415	59.7648	0.0	34.448570000000004	0.0	22.90122	10.2351	78.817	0.0	0.0	2864.903529999999	128.79104	0.0	1656.9979600000004	5.94643	69.84366	5511.036929999998	1987.34447	1230.0077199999998	836.1216000000002	1432.6926800000003	1119.7341799999997	964.97668	1604.18152
S17_Z05	0.0	154.18059000000002	20.81347	0.0	953.7334000000004	1831.94127	24.15596	722.061108	322.91543	0.0	133.29462999999998	0.0	0.0	0.0	1627.96568	233.28007	11.7143	0.0	122.44577	3.47746	98.29216	5.13616	122.90778000000002	0.0	0.0	0.0	0.0	0.0	0.0	5.25176	9.18539	44.380210000000005	2090.718279999999	12.99015	9.02213	8.89895	5.91284	0.0	0.0	0.0	13.12974	0.0	0.0	2436.66331	116.64167	0.0	1271.67503	0.0	74.55422	3867.719499999999	1306.28674	947.46049	630.0382500000002	660.18559	280.14662999999996	716.54698	1024.36821
S17_Z07	0.0	347.81027000000006	4.81111	0.0	1422.2570299999998	1738.2959699999997	79.3579	842.9425799999999	87.9079	0.0	125.84042	0.0	0.0	0.0	1507.4762	258.01777	3.80079	9.5667	91.08925	2.35019	224.97891	7.74025	123.92595	0.0	0.0	0.0	0.0	0.0	0.0	0.0	20.69297	0.0	1811.0832699999996	0.0	38.5388	0.0	7.88848	61.25202	8.24893	6.85714	5.9969	0.0	0.0	2005.7807799999996	60.10746	42.1876	963.6279000000002	12.53924	289.6511	4197.747500000002	1381.2706699999997	1337.49734	814.8743000000002	915.4113099999998	1157.15988	992.98385	1344.9865299999997
S17_Z09	0.0	665.6839	8.31706	4.45924	1429.19302	2116.9357800000007	6.95052	1295.7066000000004	146.09433	0.0	347.68438	10.0249	0.0	13.81603	454.23964	13.09681	150.66775	0.0	3.28796	0.0	36.73617	27.504510000000003	995.80415	0.0	6.725	0.0	0.0	0.0	0.0	0.0	0.0	14.80108	2818.36254	7.76526	17.840339999999998	0.0	29.52147	10.92	19.2082	12.2726	4.89561	0.0	0.0	1883.2022200000008	0.0	0.0	1210.22332	0.0	185.4837	4100.93371	1833.10866	809.3646200000002	1214.86823	2279.32582	1775.09694	1455.82698	2329.6754999999994
S18_Z00	0.0	48.27565	959.22787	825.1901799999999	763.00699	798.34669	0.0	715.2414	59.1644	0.0	17.6475	205.4123	0.0	0.0	992.32652	717.8199	81.3056	181.33729999999997	119.4721	16.1863	87.99972	106.06105	27.2956	0.0	0.0	0.0	0.0	0.0	0.0	402.7207499999999	114.94034	39.26869	3127.5599599999996	1580.55878	3468.6500600000004	0.0	66.2755	53.44511	30.20264	23.4434	27.186479999999996	0.0	834.8458000000002	1293.41377	41.0649	103.477	407.2452099999999	42.8856	157.13135999999997	3680.17077	1943.4534799999992	1099.78317	2060.0388500000004	460.53803	1916.9159499999996	676.0141199999999	1517.13105
S18_Z01	0.0	388.65393	1668.52997	691.31372	563.1727800000001	745.7636300000001	0.0	327.9151300000001	35.6981	0.0	30.85752	71.342	0.0	0.0	1486.4176000000004	813.1634200000001	81.38440000000001	140.76364	166.23268000000002	36.638	55.23140000000001	96.53565	0.0	0.0	0.0	0.0	0.0	0.0	0.0	297.78097	71.37368	36.52159999999999	2418.82913	757.7598500000001	1246.46882	0.0	22.740589999999997	20.9004	10.2639	6.60974	19.80759	0.0	303.7353	1808.12787	0.0	0.0	992.2447200000004	33.5585	122.11384	3031.402880000002	1795.2187499999995	1096.2461300000002	1892.2366199999997	480.53813	1890.34997	624.29141	1395.6900099999998
S18_Z03	0.0	3708.5176	66.21115	14.26641	700.8617600000001	799.9414699999999	48.4697	327.81699000000003	28.9137	0.0	35.4627	7.36614	0.0	0.0	1522.98091	1790.72057	455.12154	273.0277	687.8322499999999	113.919	5.04508	354.73209999999995	52.73541	0.0	0.0	0.0	0.0	0.0	0.0	26.93735	52.4551	19.15355	4282.363339999999	24.37236	37.6096	0.0	0.0	0.0	0.0	0.0	0.0	0.0	6.63766	8206.426509999996	8.31007	97.3212	4756.5482900000015	20.03154	32.11838	6383.08894	1978.6320699999992	5863.553449999999	1915.4437399999997	835.3832299999999	3215.04596	2242.6808000000005	2924.401060000001
S18_Z05	0.0	174.36632	41.47603	0.0	837.0781400000002	1377.1396499999998	0.0	400.74230000000006	82.65389	0.0	99.466	10.3569	0.0	0.0	1264.3673400000002	785.4689700000001	137.60472	75.81618	273.46872	26.6832	0.0	175.86587	69.43475	0.0	0.0	0.0	0.0	0.0	0.0	28.20209	23.0685	0.0	2769.949020000001	0.0	10.0191	0.0	0.0	18.9076	0.0	0.0	0.0	0.0	0.0	5198.217020000002	16.38824	462.6322	2460.4207	3.10643	110.85619	4712.385830000002	1383.5703099999998	4192.403549999999	1675.4927799999991	886.5982100000002	2436.6712699999994	1458.94982	2043.85997
S18_Z07	0.0	3362.1806800000004	30.23817	0.0	358.55609	753.85563	29.0344	185.88603	9.12311	0.0	35.39694	0.0	0.0	0.0	889.5625699999999	847.90594	514.85466	139.40249	498.98417000000006	31.36886	21.679160000000003	345.01948	95.61395	0.0	0.0	0.0	0.0	0.0	0.0	19.77089	53.7097	0.0	3510.652299999999	0.0	13.2554	0.0	0.0	0.0	0.0	0.0	0.0	0.0	0.0	6921.050580000003	0.0	72.41929999999999	4713.54359	0.0	71.21435	4275.59098	778.6753400000001	5582.10252	1852.95459	614.9461500000001	5247.2993400000005	1413.3202700000002	1966.68655
S18_Z09	0.0	1737.65859	5.55534	0.0	624.1502099999999	1123.6047899999996	87.26100000000001	1000.69044	349.28833	0.0	159.54463	6.19944	0.0	0.0	608.25793	403.98997	262.91872	38.92592	145.98553	8.05236	429.86803	132.38448	116.11776	0.0	4.95695	0.0	0.0	0.0	0.0	5.74367	6.83692	48.815099999999994	1680.9762299999995	0.0	0.0	0.0	0.0	0.0	0.0	0.0	0.0	0.0	0.0	3446.8558599999997	4.67708	846.115	1472.80452	7.24386	49.1746	2812.082289999998	899.57946	1829.20668	1187.4947999999993	1315.48824	1107.45528	1158.1576200000002	1533.7977399999995
S19_Z00	15.31819	67.82424999999999	391.02682	290.64599999999996	848.4056000000002	483.46534999999994	0.0	229.7743	39.667	0.0	654.5869	21.66578	0.0	0.0	1931.3691600000004	235.408	0.0	10.3501	14.09913	0.0	38.1564	18.3407	0.0	0.0	0.0	0.0	0.0	0.0	0.0	267.88728000000003	30.51541	130.62083	1690.00512	575.0117599999999	608.85756	0.0	82.95684	54.8806	29.470129999999997	35.95354999999999	1554.0757199999998	0.0	54.1719	465.53853999999984	7.16963	0.0	1536.8836199999996	29.606	108.22641	2221.931220000001	1570.95722	468.1947399999999	541.8502	1813.34514	322.13187999999997	427.45863	983.7410500000002
S19_Z01	0.0	17.89531	349.16126	253.94932999999995	903.0512599999996	631.3867400000001	8.62872	319.67030000000005	87.04641	0.0	645.1485	10.40463	0.0	0.0	1754.5724099999998	255.48539	21.20135	12.5119	772.8808	0.0	127.07788	32.60354	27.555	0.0	0.0	0.0	0.0	0.0	0.0	327.24	64.39597	173.03420999999997	3012.4558300000003	169.70297000000002	386.8163	0.0	88.0652	42.94607	17.5477	57.1922	3182.05422	0.0	51.34915	665.5279600000001	0.0	0.0	1581.2553599999997	47.40538	139.14928	2644.1655100000003	1529.6261500000005	259.84646	555.6966299999999	1862.7508	249.79495	594.5447399999999	1556.90713
S19_Z03	0.0	354.02019	130.50945	77.4659	1229.6925600000004	1854.02279	2.30907	958.17156	321.04037	43.43579	152.82796000000002	0.0	0.0	0.0	1726.72196	218.15801	26.2979	0.0	179.08229	7.30221	8.34748	3.52187	218.76054999999997	0.0	0.0	0.0	0.0	0.0	0.0	21.07983	3.78602	141.0877	3278.812439999999	72.91456000000001	144.56484999999998	6.08091	9.68268	0.0	0.0	0.0	205.09339999999997	0.0	0.0	2660.4874099999997	87.76662999999999	3.42533	1581.98739	0.0	17.1559	4511.440580000001	2118.3810499999995	963.21903	1027.0185499999995	1764.65902	1100.3233299999995	718.2697800000001	1513.99104
S19_Z05	0.0	238.13206	39.354	55.75149999999999	1415.49192	2338.5783800000013	114.79	1181.3648899999998	255.1366	30.8497	256.1493	0.0	0.0	0.0	2345.347119999999	389.65342	47.6595	0.0	68.27969999999999	21.5642	19.3112	7.00932	159.92519	0.0	0.0	0.0	5.99222	0.0	0.0	6.84975	5.11734	117.47578	2568.115749999999	60.57552	96.34488	5.83765	0.0	0.0	0.0	0.0	6.91883	0.0	0.0	2286.69102	503.24235	0.0	1485.3953199999994	3.57047	76.14695	4494.798449999999	1759.49701	1137.17118	851.6800499999999	808.8257999999998	1170.66423	896.6952699999997	1653.9533799999997
S19_Z07	0.0	590.10137	22.84287	18.83473	833.8369100000001	1512.0240900000006	0.0	693.75674	122.91641	0.0	295.23222	4.58787	0.0	0.0	1559.3251699999996	217.54356	24.93905	0.0	112.46717	5.32151	168.4801	6.90816	337.87886	0.0	0.0	0.0	0.0	0.0	0.0	0.0	7.90905	7.41584	1796.23883	27.4252	50.17365000000001	6.99943	4.0	65.23035999999999	0.0	0.0	62.413129999999995	0.0	0.0	3248.472850000001	50.10069	0.0	1140.0426900000002	5.23642	257.15097000000003	4261.12739	1141.5038500000005	786.0775900000002	995.9847	1058.4268900000002	1164.43507	1180.6201400000002	1603.63704
S19_Z09	0.0	537.317	4.94096	0.0	1586.0305499999995	2833.98254	19.2934	1339.3141199999998	66.78156	0.0	479.80502	0.0	0.0	4.73333	704.1114699999999	46.55416	107.866	0.0	8.38172	0.0	29.27303	67.24625	655.4973699999998	0.0	13.5786	0.0	11.7972	0.0	0.0	0.0	0.0	4.66634	2204.21092	55.735	37.508700000000005	0.0	0.0	3.79402	0.0	7.65241	75.2675	0.0	0.0	2828.6802699999994	38.80917	0.0	1169.45085	0.0	241.7412	4517.316790000001	1496.71735	930.75427	1634.4288400000005	1464.0637900000004	1181.09969	1273.8172499999996	1426.90042
S20_Z00	0.0	5.86839	511.01087	271.60317999999995	789.4513199999999	745.7827700000001	0.0	408.78259	38.8576	4.16233	352.723	67.4064	0.0	0.0	1656.9714200000003	383.3949	9.65505	17.3687	334.43663000000004	0.0	48.5291	34.886680000000005	55.23075000000001	0.0	0.0	0.0	0.0	0.0	0.0	242.29481	0.0	143.66791999999998	2828.35001	190.88979	618.0397	0.0	77.55426	52.7608	43.401700000000005	21.3535	317.44292	0.0	68.51186	652.5689899999998	0.0	0.0	1350.16782	36.03103	116.24869	3794.403889999998	2552.814320000001	647.3033899999999	1141.5997100000002	1027.1904000000002	990.6096	556.5446599999999	1506.5917
S20_Z01	6.88753	30.27789	332.62465	152.63579000000004	940.36818	798.83743	0.0	377.49572	73.50543	0.0	535.3088	75.9582	0.0	0.0	2039.93277	627.6743	34.5989	0.0	407.0312	0.0	121.68779999999998	0.0	13.28131	0.0	0.0	0.0	0.0	0.0	0.0	616.4514	80.2573	154.97662	4100.828949999999	387.72744	422.19619	0.0	60.1983	54.7918	25.967350000000003	30.7514	529.81756	0.0	115.03617	897.2813899999999	0.0	5.79414	2053.7605999999996	22.20191	121.9375	3904.959530000001	4041.32727	414.58366	1758.5813899999998	1152.5613400000002	1668.2597900000003	996.60973	1706.9870000000003
S20_Z03	0.0	61.73111999999999	255.9773	70.6543	1119.8534400000003	1145.84879	0.0	744.76471	156.77495000000002	0.0	319.5378	11.04805	0.0	8.67703	1741.52651	515.90157	13.9822	37.83048	34.46082	0.0	15.05317	35.91278	156.17090000000002	0.0	0.0	0.0	0.0	0.0	0.0	204.46559	6.29504	136.1127	3314.3505199999986	20.8156	112.18806	0.0	0.0	4.19011	0.0	6.27857	43.0179	0.0	25.12795	3536.98418	93.1795	0.0	1930.412	29.27356	35.872640000000004	5254.5907400000015	2002.1763600000008	1075.78996	1284.11743	1158.65092	1213.2657700000009	806.59029	1738.5860900000002
S20_Z05	0.0	459.46867	102.40214	24.74686	1241.75918	1692.62572	0.0	667.8415299999998	130.87907	0.0	104.44666	0.0	0.0	0.0	2185.8376799999996	479.92527000000007	0.0	13.7836	109.93879	0.0	53.2493	24.81002	23.14232	0.0	0.0	0.0	0.0	0.0	0.0	33.32795	0.0	32.8159	2274.1516799999995	34.76837	23.79783	0.0	0.0	0.0	0.0	0.0	9.05415	0.0	0.0	2715.35846	68.28616	39.60849	1589.66683	10.494	31.6561	4236.363780000002	1693.9677099999994	1697.5720700000002	1306.0117699999998	693.7572499999999	1722.7566999999997	1031.32377	1574.5073400000012
S20_Z07	0.0	2342.4312	24.12209	32.6632	649.91589	1667.5919499999998	51.662099999999995	349.57573	49.27787000000001	0.0	66.62956	9.72089	0.0	0.0	962.76919	606.6943300000001	151.05714	290.19928000000004	194.9526	14.612	38.0261	207.8922	84.05804	0.0	8.5376	0.0	12.59936	0.0	0.0	21.19487	39.3002	7.37914	2884.92873	103.998	60.71843	4.66474	0.0	0.0	0.0	0.0	0.0	0.0	0.0	6283.81199	4.7013	0.0	3108.53423	0.0	55.985310000000005	5868.417119999999	1355.2567299999996	4113.684009999999	1704.6293199999998	941.08953	3899.6068599999994	731.5028499999999	1382.2252799999992
S20_Z09	0.0	343.22615999999994	90.3696	173.937	1633.021201	1430.2251	203.9433	975.84709	92.85703	0.0	183.09819	11.4521	0.0	0.0	972.1132	85.71023000000001	39.18927	0.0	197.55497	0.0	59.20779	45.9829	363.39311	0.0	0.0	0.0	18.4456	0.0	0.0	0.0	16.03823	23.42257	1998.5101899999995	389.10671	230.65685	0.0	13.92893	25.45545	14.60956	0.0	15.20008	0.0	0.0	1446.2328900000005	26.306310000000003	14.9945	1015.9733399999996	0.0	407.47455	2903.4991699999987	1115.42575	1009.13422	1127.57906	1262.4989899999998	1560.3940300000002	939.8805100000002	1482.6462099999994
S21_Z00	0.0	16.8974	710.5195000000001	421.4644199999999	507.6173199999999	509.48206	0.0	244.72247000000004	33.8026	0.0	241.5084	110.26707	0.0	0.0	733.70712	237.53393	0.0	0.0	527.8771	0.0	432.99146	173.76148	8.548	0.0	0.0	0.0	0.0	0.0	0.0	347.75513	257.4492	467.3145	2168.4343099999996	278.42537999999996	1074.27297	13.9327	461.1804	419.9470500000001	136.65439999999998	138.45080000000002	1038.85664	0.0	82.913	349.07746	0.0	0.0	680.9220399999999	0.0	383.4249	2660.9953800000008	1901.24226	374.57514	896.7218	713.9205899999997	524.0001199999999	458.53284	1327.1686999999995
S21_Z01	0.0	36.47292	640.6121800000001	314.21680000000003	789.3261000000002	910.1215199999998	0.0	474.75625999999994	54.9706	0.0	294.4991	63.74429000000001	0.0	0.0	1267.8379200000004	303.88222999999994	17.3175	7.97315	142.63876999999997	0.0	280.46092	115.4474	0.0	0.0	0.0	0.0	0.0	0.0	0.0	609.928	248.2665	288.2042	4119.16693	376.97725999999994	1003.14557	6.66638	459.51744999999994	174.824	181.89	228.5055	1073.18276	0.0	188.8916	981.18358	2.36915	0.0	1410.96088	14.0589	383.13438999999994	3684.9747000000007	3325.50573	456.80605999999995	865.6591999999997	1158.49869	656.6314600000001	425.26168	1589.4821300000006
S21_Z05	0.0	2252.7788	77.09826999999999	42.508379999999995	1094.2886500000002	2411.47488	49.65709999999999	992.6950299999996	107.54384	5.74283	124.82656	13.22598	0.0	0.0	1709.75545	560.5412199999998	96.9623	68.90433	207.84458	9.36994	14.8081	159.7116	122.52488999999998	0.0	0.0	0.0	0.0	0.0	0.0	6.67451	12.64254	19.32975	2605.78807	36.33699	38.852509999999995	10.0371	19.02164	4.05498	0.0	8.4806	26.39226	0.0	0.0	5622.09309	57.878130000000006	68.78509	1732.3757899999996	0.0	72.02714999999999	4524.08472	1117.20262	3312.18853	1614.0769200000009	816.78278	2281.8439599999997	1021.38345	1705.74708
S21_Z07	0.0	81.81499	10.65233	0.0	960.47114	2609.4340599999996	74.6649	547.63542	41.169070000000005	0.0	106.00468	0.0	0.0	0.0	1112.8925000000002	715.7939900000001	313.4407	225.2674	221.36511000000004	36.16437	78.49462000000001	216.6453	157.51719999999997	0.0	0.0	0.0	0.0	0.0	0.0	6.1957	24.188	23.8961	2582.2745400000003	0.0	3.02837	0.0	0.0	26.4382	0.0	0.0	7.90951	0.0	0.0	7795.666089999997	14.87883	0.0	6786.61758	13.22959	63.6034	4223.0346899999995	1481.01906	5208.589939999998	2530.1483000000007	745.68242	6853.157009999999	1348.30859	2112.0964400000003
S21_Z09	0.0	158.52364999999998	48.43972	0.0	2118.56426	2199.78121	74.16810000000001	1411.52039	58.681529999999995	0.0	390.17509999999993	14.074	0.0	8.86544	1114.4425199999998	98.08328	15.41858	0.0	7.3456	0.0	47.2623	71.0016	98.76681	0.0	0.0	0.0	0.0	0.0	0.0	0.0	0.0	17.1699	1713.9905600000004	0.0	0.0	0.0	0.0	0.0	0.0	0.0	0.0	0.0	0.0	2997.1032599999994	67.5411	28.7105	718.8785100000001	10.652	244.99004	3010.876460000001	740.0022000000001	1293.78104	770.1658000000002	555.4721400000001	1307.59533	752.29746	1307.57209
S24_Z00	47.06811	49.02294	884.98985	443.20092	643.1757500000002	877.62085	0.0	510.8822599999999	40.4118	0.0	250.93061	146.2252	0.0	0.0	1103.46558	165.8165	9.45212	0.0	106.3586	0.0	291.92307	162.7172	84.08043	0.0	0.0	0.0	0.0	0.0	0.0	301.14770999999996	170.17492	322.21932	2443.4006299999996	113.17113	1239.2483499999998	61.3667	419.33849	273.10938999999996	90.9448	159.1214	1322.85719	0.0	265.03731000000005	899.3984699999999	9.33854	0.0	751.5695400000001	5.61495	396.8041	2757.6472400000016	1739.4959200000003	367.0483400000001	742.1998899999999	1563.9768400000005	444.24979999999994	282.84728	787.1790700000003
S24_Z01	7.37951	69.0816	331.30323	271.09479	1052.9264399999993	1734.45184	32.83297	921.13725	185.62353	0.0	219.03206	24.616529999999997	0.0	0.0	1697.4197399999996	181.73986999999997	5.63679	0.0	161.31009	0.0	77.76317999999999	69.5498	147.88858	0.0	0.0	0.0	0.0	0.0	2.71987	105.97232	87.0572	64.85361	2461.8827399999996	216.52071	455.85047	23.096670000000003	80.83021000000001	123.33041	39.8101	48.8776	427.01178	0.0	43.8122	2867.878910000001	54.92538	22.22904	1732.48653	6.77786	102.21187	4798.889400000001	1681.6015699999998	826.1524499999997	837.5011899999996	1296.28138	921.1025099999998	540.28712	1394.8755299999996
S24_Z03	0.0	90.56865	31.82825	38.16277	1246.16727	1934.53913	10.3575	956.79178	251.35778	137.8346	262.17717000000005	4.36137	0.0	0.0	1366.4269700000002	138.19148	2.11485	0.0	60.3642	0.0	25.98349	12.9272	142.31974000000002	0.0	0.0	0.0	0.0	0.0	0.0	0.0	17.12663	43.60797	1681.37029	26.4179	70.85767000000001	12.2121	0.0	2.59442	5.85377	0.0	4.02911	0.0	0.0	2741.6763800000017	181.49653	0.0	1631.0782400000005	0.0	13.90077	3869.432639999999	1515.53387	620.9540600000001	588.0437999999999	874.85527	853.1373600000001	498.29279999999983	956.23703
S24_Z05	11.1717	152.51417	36.77671	18.79435	1660.6710599999994	2779.724340000002	0.0	1147.62064	307.6708	0.0	243.08706	0.0	0.0	0.0	1631.0638799999997	385.67497	0.0	0.0	148.04826	0.0	272.91365	7.65672	97.40567	0.0	0.0	0.0	0.0	0.0	0.0	0.0	24.474490000000003	63.99883	2190.8031100000003	5.71606	36.11729	0.0	5.49234	25.810629999999996	0.0	0.0	0.0	0.0	0.0	3584.142130000001	316.243	0.0	1430.9470400000005	0.0	125.23904	5307.8963699999995	1668.26779	1173.2651799999996	877.62199	772.0956900000001	1301.0533600000003	668.6509799999999	1423.50213
S24_Z07	0.0	128.0044	30.6331	8.66742	1339.9147400000004	1915.4160000000004	18.56133	849.3204099999996	281.28204	3.32353	325.44089	0.0	0.0	0.0	1789.6132600000003	282.34506000000005	0.0	0.0	180.61911	0.0	203.6962	14.05752	159.00449000000006	0.0	0.0	0.0	0.0	0.0	0.0	0.0	14.80251	3.79971	2096.1885499999994	7.803	38.58621	0.0	5.11057	80.7081	0.0	0.0	12.96867	0.0	0.0	3541.19596	112.461	31.03681	951.4777500000002	8.76871	276.6794	4028.057770000001	1274.07875	697.0173799999999	858.94943	952.92962	1011.4177300000002	774.43193	1389.9302599999996
S24_Z09	9.87951	145.63973	4.06703	7.68912	2543.73142	2881.96282	139.197	893.04732	23.9136	6.62603	246.96234	22.08514	0.0	0.0	763.31367	19.92057	13.1126	0.0	0.0	0.0	34.72224	14.10647	190.22374	0.0	17.5359	0.0	0.0	0.0	0.0	0.0	6.14334	8.64872	1436.5022299999996	3.95398	18.11108	5.92817	7.93558	28.93588	4.39736	6.76793	12.1154	0.0	0.0	2045.77707	0.0	5.164429999999999	1105.1677400000003	25.89258	402.89236000000005	3030.997440000001	915.9755000000002	1158.31248	1022.45928	834.0714999999999	1139.49233	1040.3667999999998	1069.66674
S25_Z00	34.3703	96.52714	521.47959	564.4328	483.17736	490.4574900000001	9.99548	359.29196	0.0	0.0	163.12372	10.8076	0.0	5.81201	486.79684	23.57495	8.87991	0.0	26.05592	0.0	68.1854	34.01072	77.04958	0.0	0.0	0.0	0.0	0.0	16.7126	405.4031399999999	106.3043	198.13243	1888.25942	602.7878	718.8476299999999	23.6859	126.51884	136.8536	44.88989	58.7796	828.9368900000001	0.0	73.2216	337.52558999999997	19.926540000000003	0.0	1095.186	7.35756	87.38662	1914.639099999999	2030.5362	497.0144	448.46798	1265.4542400000005	191.19119	564.9832399999999	913.50695
S25_Z01	40.5584	46.757639999999995	404.8995000000001	297.10902999999996	814.7751	645.5687400000002	0.0	532.69493	0.0	0.0	198.29374	12.37998	0.0	16.21421	332.3159600000001	5.09469	0.0	0.0	233.9184	0.0	191.57933999999997	53.4668	313.29498	0.0	0.0	0.0	6.5419	0.0	28.7606	381.3199100000001	193.79774	279.58016999999995	2267.92022	404.3396	687.81261	107.0738	222.4228	262.20013	78.80272	138.9744	312.63434	0.0	10.9748	574.1175000000001	7.31503	0.0	1363.1867800000002	9.52299	256.07008	2294.3466700000004	2097.16362	264.15105	507.98804	2101.02671	385.60954	636.68966	1232.5730300000005
S25_Z03	0.0	116.4577	134.97694	44.38081	1125.0104600000002	2009.4203499999992	20.31264	1069.7783500000005	166.66839	17.1088	141.7839	15.5818	0.0	0.0	486.0185699999999	36.09952	0.0	0.0	137.57495999999998	0.0	180.25111	281.7401899999999	169.97928	0.0	0.0	0.0	0.0	0.0	0.0	45.109910000000006	25.74746	194.12069999999997	2626.8511699999976	76.34076	24.75918	0.0	0.0	0.0	5.66262	2.61818	7.32532	0.0	0.0	2069.57905	200.1777	6.89591	2325.3535599999996	14.16387	13.1267	3926.1364600000006	1410.9979199999998	1075.81138	810.73899	963.17704	697.0822000000001	575.0313900000001	1339.1036499999998
S25_Z05	0.0	97.05875	68.13825	23.4863	1380.2566500000005	1542.6969399999994	17.27281	977.1126999999998	174.45798999999997	0.0	152.90441	9.95418	0.0	0.0	1053.2521599999998	140.50464	0.0	0.0	89.81053	0.0	66.66053	7.50172	31.683829999999997	0.0	0.0	0.0	0.0	0.0	0.0	10.6466	7.81732	65.2562	2196.438432	43.73713	30.4322	0.0	0.0	15.19271	4.32859	10.7833	14.67692	0.0	0.0	1459.58618	299.25498	5.33071	1408.1514599999996	3.93657	27.92536	3964.1269599999982	1405.3859700000005	955.2769899999998	697.4864099999999	739.51335	802.19355	568.6401500000001	1033.18332
S25_Z07	0.0	167.60443	29.97697	0.0	1453.53319	2097.3179499999997	8.177810000000001	1073.07066	191.56384999999997	0.0	260.2796	15.7405	0.0	0.0	1730.2044200000005	331.97762	53.3675	0.0	196.4873	0.0	146.5678	16.3349	373.96936	0.0	0.0	0.0	0.0	0.0	0.0	0.0	7.48109	38.14207	2079.2975899999988	11.081	39.6672	0.0	0.0	0.0	0.0	0.0	0.0	0.0	0.0	2736.74086	56.43328	10.2451	1843.59223	24.0082	202.35162	4089.053749999999	1660.7604399999996	1310.578762	946.5498700000002	1048.27002	1353.50063	1004.0896800000002	1534.8209900000002
S25_Z09	14.5171	181.15117	9.29323	0.0	1424.3741000000002	1974.7315900000008	45.5561	646.84956	113.1049	0.0	52.2433	6.74017	0.0	0.0	221.99359	10.9676	53.1183	0.0	0.0	0.0	36.073899999999995	0.0	133.30834	0.0	14.0295	0.0	0.0	0.0	0.0	6.46505	11.2605	0.0	1190.76439	0.0	99.13717	0.0	0.0	8.91501	6.5364	0.0	7.43889	0.0	0.0	684.15108	23.1982	0.0	840.256	23.6353	93.05487	2436.2495599999997	925.09724	779.57602	673.0232400000001	457.3039399999999	976.02803	607.1267900000001	1230.6192299999998
S26_Z00	0.0	0.0	238.15967000000003	246.30867000000003	641.1472600000002	506.3169999999999	0.0	426.09555	0.0	0.0	118.949	0.0	0.0	7.28286	239.1233	0.0	0.0	0.0	221.19346	0.0	59.53286	23.79639	11.6799	0.0	0.0	0.0	0.0	0.0	14.793	234.2796	131.84427	252.75034	1684.3958500000008	445.65329	405.0853399999999	79.3413	156.4586	112.6878	27.49985	101.6102	208.32895	0.0	21.96459	334.44659	0.0	0.0	1129.96171	0.0	150.77727	1461.4105299999994	1174.76984	505.40131	417.61380000000014	951.58553	95.81129	206.91458999999995	879.6787800000002
S26_Z01	25.2193	242.52286	512.4856199999999	494.42476	605.21779	753.43827	0.0	519.72069	13.549	0.0	231.1831	0.0	0.0	6.66858	390.16314	8.51099	0.0	0.0	0.0	0.0	344.00559999999996	89.82941	51.9687	0.0	0.0	0.0	0.0	0.0	18.7684	354.79200000000003	473.30147	235.65888	2555.098949999999	530.64	1037.87666	203.9174	452.3717999999999	466.8355	265.76268000000005	210.8326	508.60769	0.0	31.9546	560.3040400000001	0.0	7.34954	1611.45802	9.34498	254.96371	2208.75469	1707.68278	340.90288	526.0471799999999	2332.65983	237.00102999999996	400.4561900000001	1013.9001700000002
S26_Z03	21.782	140.78893	218.31194	101.56143	959.54614	1303.0638299999998	27.69865	778.16709	185.55414	4.45819	225.5413	7.14927	0.0	9.73329	1005.0413200000004	16.62385	0.0	0.0	22.16144	0.0	180.30858	20.37455	19.71206	0.0	0.0	0.0	0.0	0.0	15.6779	343.315	99.87784	170.02774999999997	2656.96458	221.81424	262.00365	71.94807	128.88239	84.32526999999999	73.39777	24.9688	143.65460000000002	0.0	5.65457	2237.90323	17.2917	0.0	2046.4543900000008	20.05653	80.83700999999999	5208.327430000002	2035.8158599999997	756.7729400000001	995.6108	1825.64146	929.21696	630.9530100000002	2196.356479999999
S26_Z05	0.0	120.54202	105.08845999999998	38.7713	1327.77497	1947.25215	2.82131	957.3508400000004	319.603	0.0	194.40463999999997	0.0	0.0	0.0	1503.3900000000003	233.84767999999997	8.16786	0.0	66.8777	0.0	40.21834	2.37475	213.80867	0.0	0.0	0.0	12.0471	0.0	6.05017	64.51823999999999	33.91782	154.22503	3004.795750000002	74.80577	67.6638	0.0	0.0	0.0	16.357850000000003	6.09725	5.28243	0.0	0.0	2533.4020999999993	62.80079	0.0	1669.46659	0.0	11.2542	4505.6339100000005	1782.2017000000003	1175.5293400000005	1064.38956	1733.9633000000003	1087.52221	863.2801799999999	1654.40416
S26_Z07	0.0	323.07437	6.56846	21.68928	1401.9139399999997	2083.65127	14.4514	1126.6193799999996	138.6508	0.0	274.14482000000004	2.6297	0.0	0.0	1916.9404400000003	261.99586	25.137	0.0	138.59644999999998	14.5502	162.81455	0.0	241.93835	0.0	0.0	0.0	0.0	0.0	0.0	0.0	5.4818	17.73136	2011.0069199999991	23.131	57.3536	0.0	4.68793	53.3223	2.73888	8.07547	3.75275	0.0	0.0	2884.1867999999986	144.34247999999997	7.17406	1255.03855	7.54286	150.3044	4415.5179800000005	1523.1862100000008	1354.6419199999998	967.2252000000002	1020.12143	1228.13736	953.6083000000004	1549.4118700000004
S26_Z09	13.3664	184.5644	8.25186	0.0	1821.4665100000004	2691.085239999999	111.1626	958.20244	45.36914	37.64834	710.9902800000001	0.0	0.0	0.0	311.06211	7.42424	100.4874	0.0	15.7746	0.0	8.08952	92.5151	271.13669	0.0	29.99678	0.0	0.0	0.0	0.0	0.0	8.85508	19.82863	1632.4971199999993	0.0	35.44939	0.0	0.0	26.0883	0.0	0.0	3.63141	0.0	0.0	1644.13493	0.0	4.39472	937.1937900000004	43.50703	119.75646	3518.02325	1470.0643400000004	876.9452200000002	978.67192	1083.04665	1000.0158800000002	1174.5314899999998	1712.8888599999996
S27_Z00	0.0	12.98729	168.51812	174.83315000000002	1019.43836	935.42986	0.0	539.1745999999999	0.0	0.0	27.1396	0.0	0.0	0.0	1401.05976	256.5125	0.0	12.7998	20.8418	0.0	74.0937	0.0	77.02260000000001	0.0	0.0	0.0	0.0	0.0	0.0	275.0627	7.8245	43.93657	2313.17225	63.59471	173.61597	0.0	0.0	0.0	0.0	0.0	8.17866	0.0	5.80661	833.8824999999998	0.0	0.0	361.4132699999999	12.9321	614.2726700000001	2791.6918399999995	2465.1936400000013	1040.98166	2109.8861500000007	1097.18419	1860.5208000000005	1032.7852	1731.680949999999
S27_Z01	0.0	97.0206	98.26835	66.5163	1488.5133	1168.51655	11.2077	638.5401400000001	9.86283	0.0	55.50399	18.4167	0.0	0.0	2026.19707	589.69308	14.5123	118.976	56.8717	25.56099	16.936	29.314279999999997	69.99145	0.0	0.0	0.0	0.0	0.0	0.0	431.2399	4.21139	47.96114	2902.6422200000006	94.93222	177.70123999999998	0.0	10.208760000000002	6.92584	0.0	0.0	6.93204	0.0	0.0	1569.3706000000002	6.84	0.0	1216.1943700000006	45.374010000000006	253.95134999999996	4769.85301	2783.29624	1171.1874899999996	1848.04421	977.68866	2921.5119400000003	859.93015	1882.5743400000003
S27_Z03	0.0	634.6059100000001	105.20814	39.996120000000005	1079.48827	1897.0439199999992	78.2581	892.8908400000001	81.68619	0.0	49.57265	27.8892	0.0	0.0	1837.24271	698.32962	45.36485	67.21105	160.58977	0.0	64.74256	173.65079	435.49002	0.0	0.0	0.0	0.0	0.0	0.0	111.69383	0.0	42.6979	3386.902820000001	60.40914	64.33529	0.0	0.0	0.0	0.0	0.0	0.0	0.0	0.0	3857.96123	38.98931	46.5385	2119.04396	7.36739	100.14003	4270.978409999998	1910.0633299999995	1557.67612	1802.5368	2234.6233199999997	2927.05205	1474.24932	2047.6485799999996
S27_Z05	0.0	173.7181	19.6286	14.20805	1079.36693	1281.93258	10.656	632.19722	91.1991	0.0	139.33308	9.30046	0.0	0.0	1129.26583	171.30838	0.0	0.0	219.723	0.0	103.8531	12.3538	160.52471	0.0	0.0	0.0	0.0	0.0	0.0	0.0	0.0	5.07516	1401.0196300000005	24.3759	39.0797	0.0	0.0	16.5945	0.0	0.0	0.0	0.0	0.0	1327.6246899999996	7.87583	47.2602	959.72639	8.16836	97.86764	2370.16743	1031.6431999999998	858.7639799999996	560.9690400000002	745.20323	697.4764599999997	639.17342	940.66272
S27_Z07	7.73372	1561.4793600000005	0.0	27.016399999999997	1666.41419	4783.214659999999	23.66608	795.1297199999998	137.32349	0.0	45.69688	0.0	0.0	0.0	1228.9558700000005	617.38308	294.8912	61.74638	133.31813999999997	19.8645	76.33180999999999	81.56218999999999	455.13579	0.0	0.0	0.0	0.0	0.0	0.0	34.1363	0.0	9.4207	3705.37016	44.37418	58.63944000000001	0.0	0.0	26.663	0.0	0.0	0.0	0.0	0.0	4922.15484	6.26047	701.09329	4619.9261099999985	0.0	71.55369999999999	4259.937109999996	1827.58883	3203.4820600000003	2373.0673799999995	911.66558	3554.0765199999996	991.72825	2019.2212
S27_Z09	11.6689	1856.84836	0.0	209.87509	891.1479199999998	1586.6092299999998	94.68595	561.69264	58.46074	0.0	225.5148	20.4013	0.0	0.0	893.3816200000001	225.09416	44.5883	9.66018	25.20498	6.52357	74.14305999999999	337.00133999999997	308.19336	0.0	0.0	0.0	0.0	0.0	0.0	20.52242	4.04173	0.0	1963.0138099999997	141.76889999999997	241.84589	0.0	0.0	0.0	0.0	0.0	0.0	0.0	0.0	3117.70141	9.55888	204.15231	1862.11745	4.36881	155.18435000000002	2773.5388100000005	1174.6241000000002	2324.84776	1574.0854400000003	891.87176	2071.58681	1135.53849	1689.23518
S28_Z00	36.9531	209.3393	671.2280699999999	440.0602300000001	608.7805500000001	622.4465299999999	3.27	500.4309299999999	24.81025	0.0	162.492	17.4066	0.0	10.7819	381.23097999999993	17.91271	27.3245	0.0	296.2164	0.0	295.90664000000004	87.28352999999998	46.75505999999999	0.0	0.0	0.0	0.0	0.0	16.6842	325.23461000000003	665.8427399999999	255.86388999999997	1974.49324	625.82662	991.08798	105.72	405.9326999999999	307.53143	168.8617	97.3335	1622.8647499999995	0.0	196.6263	521.5768100000001	29.75881	0.0	1105.3327499999998	33.07509	174.70308999999995	2441.0794199999987	1798.8490199999997	298.2076	730.13037	980.47505	184.49133	378.71417	905.74884
S28_Z01	35.6327	104.84622	671.0425799999999	330.27313999999996	683.11717	721.5216500000001	0.0	183.59936000000005	38.82334	0.0	211.332	24.9897	0.0	0.0	576.4579	37.92969	6.2431	10.1692	49.42947	0.0	137.47369999999998	107.12229	106.56025	0.0	0.0	0.0	0.0	0.0	0.0	361.88975	276.69773000000004	150.56811	2517.0075779999993	982.79944	877.44839	131.3527	275.69840000000005	68.29167	81.02984	130.4351	2382.7219299999997	0.0	231.7554	445.1843700000001	0.0	8.41796	1401.9370999999996	38.366609999999994	224.37769	2146.6141999999995	1994.12376	339.89414	701.9160200000002	976.19021	258.97339999999997	424.21828	998.3365599999998
S28_Z03	0.0	107.99533	605.47504	223.27278	1060.8282299999998	1856.2658099999996	4.1471	1055.93371	71.2709	4.59666	384.86888	36.6858	0.0	10.5786	1344.6569499999998	157.58918	39.5147	0.0	552.08926	0.0	158.26336	67.56360000000001	99.99132000000002	0.0	0.0	0.0	0.0	0.0	0.0	433.84257	156.18959999999998	208.07468000000003	4298.23198	155.4172	799.9213399999999	38.9423	238.92566	125.64758	66.56190000000001	173.72448	403.60561	0.0	177.89125	1388.4950399999996	9.53904	0.0	1968.2478799999997	11.66441	246.08560000000003	4271.449090000001	2664.7485400000005	696.84714	916.28282	1809.6763000000003	783.25786	559.04799	1681.7364800000005
S28_Z05	0.0	188.46591	264.95979	133.08942	1161.5311999999997	1622.9137000000003	10.9765	871.6383200000001	91.3515	0.0	166.07681	0.0	0.0	0.0	1488.0027800000005	202.21541	13.6412	17.9629	137.24447	0.0	70.28171999999999	91.04261	120.86932	0.0	0.0	0.0	0.0	0.0	0.0	157.09878000000003	53.58409999999999	174.96417	2719.561310000001	147.34173999999996	346.05686999999995	10.5825	113.70113	107.88766	33.770900000000005	30.07912	80.35024	0.0	91.21591	1768.35174	36.84808	14.4984	1756.7583599999996	9.22272	97.86651	3844.3941100000015	1845.61025	880.89771	1262.58749	850.7252800000002	1476.3175499999998	655.6985000000001	1357.41014
S28_Z07	0.0	273.4128	22.3674	0.0	1894.0986299999995	2409.6191399999993	25.02317	793.0204700000004	319.50372	0.0	358.42249000000004	16.3315	0.0	0.0	1812.4436800000003	310.41912	43.7829	0.0	56.86704	0.0	182.19018000000003	14.443829999999998	349.3262	0.0	9.19206	0.0	0.0	0.0	0.0	5.44604	49.2238	15.55576	2731.8423700000003	58.726299999999995	158.19242	0.0	16.05106	58.8707	0.0	0.0	26.454459999999997	0.0	0.0	3353.89052	48.524339999999995	4.21879	1190.09912	16.15851	197.35115	5661.020840000001	2034.5150800000008	1540.54778	1276.2886600000002	1031.20857	1333.4863999999995	1294.2486499999998	2022.27777
S28_Z09	15.1715	291.55566000000005	37.55487	24.96886	1682.5486999999996	1680.7874700000002	161.0352	776.12258	54.1396	0.0	180.69503	7.37542	0.0	0.0	496.55155	15.80059	98.7003	0.0	12.76771	0.0	33.00914	23.69972	356.99719999999996	0.0	15.8046	0.0	0.0	0.0	0.0	6.32552	13.9371	50.48554	1505.0801900000008	64.7487	84.36123	0.0	23.10483	24.56502	10.1501	8.97209	70.62307	0.0	0.0	2665.388639999999	22.961730000000003	0.0	917.24778	0.0	356.8213	2701.14846	1403.3990600000002	548.21166	900.3592300000003	1051.25914	1258.9381600000006	934.3753	1321.6373600000002
S29_Z00	93.0059	239.79611000000003	643.3672600000001	579.81932	648.32629	1207.4914399999996	0.0	469.06338	26.02382	0.0	173.91	0.0	0.0	13.5104	234.89499000000004	15.19371	0.0	0.0	33.78348	0.0	84.27391	98.37546	87.2365	0.0	0.0	0.0	0.0	0.0	22.1177	382.3003000000001	579.6904300000001	567.59397	3176.7635200000004	706.1764900000001	778.0336	47.771	172.94691	127.70077	210.111	99.6063	1999.18579	0.0	122.462	577.6011400000001	21.8717	0.0	1853.68256	12.55991	455.39202	2445.4608400000006	2493.8018299999985	600.4335699999998	627.7130999999999	1134.4018599999995	287.23787	396.4499	1330.0120599999998
S29_Z01	92.0069	151.12097	545.23951	439.44067	982.72351	1108.76257	0.0	443.13319	23.5931	0.0	206.64689	0.0	0.0	7.31325	416.59338999999994	10.1614	0.0	0.0	53.1472	0.0	220.63631000000004	131.93581	59.47097000000001	0.0	0.0	0.0	0.0	0.0	19.9275	468.6493	356.82483999999994	681.2428100000001	3159.727	1038.6645	873.2814200000001	0.0	269.10429999999997	242.71330000000003	235.64158	236.4691	2547.418399999999	0.0	156.36789	403.50501	0.0	0.0	2166.6763300000016	45.295869999999994	152.98845000000003	2703.8941300000006	2563.45226	258.72486	463.0248	1300.0761099999995	224.92004999999995	416.05879	1220.0033000000003
S29_Z03	5.08498	154.177411	203.19056	164.15646	818.7753499999998	1555.8844199999994	14.74296	808.09264	388.51897999999994	0.0	176.26640000000003	21.80765	0.0	0.0	393.26222000000007	5.31796	17.1681	0.0	206.4735	0.0	31.00636	42.74561	75.86448	0.0	0.0	0.0	0.0	0.0	17.50954	157.36669	255.08498000000003	161.42226	2755.515780000001	178.29984	541.21764	0.0	20.99084	38.14324	84.52957	17.414839999999998	186.44488	0.0	30.2415	2340.13122	31.5266	0.0	1897.4415999999987	12.47622	194.53509999999997	3526.917460000001	1382.47864	510.1498	970.8591100000002	815.9176199999998	345.18316000000004	374.5134000000001	1298.02246
S29_Z05	0.0	42.15205	23.57903	0.0	568.0400000000001	1144.11504	0.0	388.0266699999999	122.71608	0.0	88.91982	0.0	0.0	0.0	696.98106	69.97229999999999	12.1105	0.0	11.1309	0.0	8.95666	62.41866	100.44066	0.0	0.0	0.0	0.0	0.0	0.0	10.10898	0.0	40.07617	940.3561499999998	29.80755	53.13235	0.0	0.0	0.0	0.0	0.0	5.93415	0.0	0.0	1197.87166	14.4993	0.0	910.56629	4.85369	0.0	2342.4362499999997	787.7911399999999	528.29275	321.80204000000003	509.28432	394.09448	312.49526	761.6958500000001
S29_Z07	6.9395	227.15353	38.43965	0.0	1150.75882	1815.8974799999996	57.1512	451.85036999999994	154.39106	9.01639	192.00776	3.43837	0.0	0.0	1105.3746400000002	211.21463999999995	105.07319	0.0	72.03973	0.0	133.09676000000002	12.70806	232.92445000000004	0.0	0.0	0.0	0.0	0.0	0.0	6.90509	3.46978	14.58196	1852.5294199999992	40.53544	81.66546000000001	8.96984	4.82254	57.82059	0.0	17.542089999999998	7.16016	0.0	0.0	2194.29251	136.37346999999997	0.0	871.5746900000003	16.49075	97.76505	3316.65015	1563.1341600000003	824.1534100000001	800.37102	546.3506900000001	896.57423	961.35294	1476.8162100000002
S29_Z09	0.0	322.85911999999996	24.224000000000004	0.0	1320.01904	1912.8076700000008	77.2838	984.7822979999996	0.0	0.0	377.2672	0.0	0.0	0.0	469.4604399999999	6.20273	110.2115	0.0	4.32991	0.0	10.6101	112.13257000000002	308.89444000000003	0.0	0.0	0.0	0.0	0.0	0.0	0.0	19.45653	3.5058	1515.22528	45.70913	99.39078	16.58411	8.9615	136.2809	2.93161	15.61118	47.7728	0.0	0.0	1865.4087199999997	12.8639	0.0	979.00216	25.483	147.544	3976.672250000001	1450.10081	602.9160999999998	912.4037200000004	677.2652899999998	1173.0229999999997	736.2788399999998	1211.1620200000002
S30_Z00	11.0689	211.60860000000005	677.9669900000001	347.99708	701.6230899999998	847.4508800000001	8.57027	491.97174999999993	16.0033	0.0	90.0899	12.729	0.0	32.10348	579.2812200000001	107.12418	0.0	0.0	98.30602	0.0	161.26926	33.94308	48.25814	0.0	0.0	0.0	0.0	0.0	16.851	169.95236999999997	427.4962999999999	200.57011	2505.4015400000003	1504.9980099999998	1064.99298	4.94958	185.687	102.47276	138.81391	115.30027	400.90335	0.0	96.8787	521.2053	15.0964	0.0	1348.17919	3.67303	204.78102	2218.389559999999	1801.9321200000004	298.8868300000001	552.35794	959.45915	275.67527	273.22360000000003	1133.99016
S30_Z01	56.68346	156.00883	796.5965800000001	174.74271	943.91492	922.52528	4.55413	385.52454	25.9407	0.0	121.758	0.0	0.0	20.91736	920.6693299999998	49.1189	6.69681	0.0	145.79971	0.0	195.65083	57.5277	90.2915	0.0	0.0	0.0	0.0	0.0	0.0	298.02390999999994	293.68634000000003	197.74753	2649.51853	654.27821	1027.53092	14.5537	184.21045	178.29816	76.72488	154.0513	443.09403	0.0	130.1329	551.55599	0.0	0.0	1698.9720300000004	6.40698	183.04059	2816.823549999998	2183.1397800000004	423.9587700000001	728.14919	1284.6669500000005	300.33235	442.5075199999999	1204.0273200000004
S30_Z03	16.22734	86.60641	447.64576	160.72299999999998	1048.6499199999998	1000.06933	0.0	551.75526	104.98998	0.0	193.36027	0.0	0.0	18.91494	760.5541200000001	40.0301	11.3107	0.0	128.07654	0.0	153.0829	110.06179	42.2494	0.0	0.0	0.0	0.0	0.0	0.0	222.74791	143.73232000000002	164.49453999999997	2710.719520000001	548.2111899999999	598.60857	7.23829	93.71104	74.88139	97.43044	37.75113	233.63768000000005	0.0	124.39719	661.4693500000002	32.43494	26.73838	1549.0595799999996	0.0	82.17356000000001	2337.6744700000013	1664.5158399999998	338.22571000000005	418.68416	1504.2974399999994	372.2570000000001	249.4532800000001	807.0089100000001
S30_Z05	0.0	44.36352	87.43289999999999	50.93966	986.1677	1721.9002100000007	7.09147	765.4758999999999	183.58215	0.0	133.0321	0.0	0.0	0.0	1246.4408099999998	194.68468	0.0	0.0	87.77579	0.0	110.29571	70.14741000000001	90.28927	0.0	0.0	0.0	0.0	0.0	0.0	10.1938	0.0	72.22654	1609.5055700000005	47.16212	59.18811	0.0	0.0	0.0	7.80426	0.0	10.04882	0.0	5.56325	1843.9117799999997	81.43651	0.0	1248.62382	5.44144	66.41282	2409.9999900000003	950.88491	749.1650400000001	367.1979199999999	523.25513	846.0653599999999	387.6492	696.1916200000001
S30_Z07	0.0	208.20523	0.0	0.0	1386.5904299999995	2476.5609099999997	91.42155	898.6673699999998	229.89078	0.0	224.8258	2.53473	0.0	0.0	1627.29393	471.59491	92.67648	0.0	164.1632	20.2826	184.07666	5.65123	229.71183999999997	0.0	0.0	0.0	0.0	0.0	0.0	0.0	4.16709	0.0	1946.90768	0.0	47.94929	0.0	0.0	110.71312	0.0	9.90564	8.93202	0.0	0.0	2701.8109600000003	21.79073	20.15732	1430.9872899999991	8.32455	339.10427999999996	3497.0643000000023	1383.6552000000004	1330.93489	1353.0388799999992	869.00666	1214.65407	1174.05816	1664.9797100000003
S30_Z09	0.0	45.5724	25.3709	3.44793	1954.61045	2504.9258400000003	12.626	938.49659	37.27991	0.0	252.27334	0.0	0.0	0.0	799.0840599999999	67.90472	13.9384	0.0	0.0	0.0	10.0106	38.64236	79.8598	0.0	37.62089	0.0	0.0	0.0	0.0	0.0	5.46474	5.9458	1170.96617	5.94046	68.08669	0.0	9.64298	38.4506	0.0	10.9188	9.06799	0.0	0.0	1987.88071	5.41029	37.42415	1659.41257	26.25489	44.2008	1743.6702799999991	702.8917399999997	863.8815799999998	660.29346	375.91064000000006	1016.96195	664.9748500000001	1530.89493
S31_Z00	0.0	244.19565	231.14757000000003	267.55156	510.8674	461.3659100000001	0.0	254.76217999999992	0.0	0.0	33.1227	0.0	0.0	0.0	316.64818	40.39921	14.99571	0.0	88.6446	0.0	470.31568	146.90780999999998	11.33595	0.0	0.0	0.0	9.60307	0.0	22.1764	223.01212	773.8530400000002	353.79375999999996	2382.792120000001	584.30476	774.5469499999999	154.1073	450.37824	461.55827	222.0306	45.40163	735.54939	0.0	6.82171	429.90908999999994	23.719099999999997	0.0	638.8482900000001	111.04999	342.18943	1491.4969099999998	859.2805299999999	172.00373	589.8978400000001	419.86426	202.8745499999999	212.73706	701.42443
S31_Z01	13.1518	436.28786	320.34068	397.6401999999999	571.6434900000002	430.5149100000001	0.0	346.00807000000003	24.77385	0.0	86.637	6.26885	0.0	0.0	343.40876000000003	34.884100000000004	0.0	0.0	117.4264	0.0	664.5297	260.21650999999997	18.4588	0.0	0.0	0.0	7.66039	0.0	30.708399999999997	288.08912	500.8669699999999	221.20315999999997	2085.2279500000004	596.58077	949.5226799999998	200.2712	266.29089999999997	745.0824000000001	244.0524	110.34479	374.89834	0.0	8.55074	590.4119400000002	31.750199999999996	0.0	758.6414099999997	92.21621	416.5416	1924.7436500000008	975.3568799999996	227.0005	665.5686399999998	426.07379	308.76804999999996	202.69471	985.01954
S31_Z03	7.74745	124.26488	170.21272000000002	184.02591	1094.4924599999997	1574.2429599999996	8.7364	1030.6222099999998	300.06585	0.0	121.04849	0.0	0.0	0.0	2046.38151	154.96599	0.0	5.50943	85.30061	0.0	70.46563	23.37905	86.59445000000001	0.0	0.0	0.0	7.6	0.0	10.3791	116.61891	107.58305	96.54054	2408.7201799999993	702.0739699999998	264.33256	7.00681	54.79355	65.91821	90.9319	54.76795	113.47088	0.0	5.45037	3141.900079999999	73.35991999999999	0.0	1769.90845	6.96902	70.17934	3540.4980299999993	1343.8402500000009	544.0707399999999	976.02058	661.07652	725.7325	438.12225	1373.4428899999998
S31_Z05	0.0	170.73272	57.188860000000005	95.11089	1416.8315	2170.7429500000003	0.0	844.3211	347.35698999999994	0.0	71.97809000000001	5.40774	0.0	0.0	1920.00612	623.8584	30.21425	0.0	784.67601	6.23945	139.64382	75.74305	104.14738	0.0	0.0	0.0	0.0	0.0	0.0	45.06905	68.19449	43.9213	2441.3417999999997	204.40331	95.09951	35.0184	43.996	20.68657	42.70648	43.45179	50.33794	0.0	0.0	2977.31077	14.751169999999998	0.0	1629.09462	0.0	22.29082	4158.630269999998	1070.98239	839.45289	898.87808	1558.71005	927.2056400000004	896.16185	1573.51103
S31_Z07	0.0	1294.24504	16.47033	10.9863	2433.30428	10892.297519999996	5.87843	1788.03226	17.5418	18.1184	101.5246	6.02213	0.0	0.0	638.45401	1670.0317	1334.86887	983.87573	1401.3456399999998	81.2407	16.25769	72.42801000000001	171.16507	0.0	13.8647	0.0	0.0	0.0	73.888	0.0	132.57234	0.0	4790.60697	9.28816	13.61423	16.87492	0.0	0.0	6.18433	7.01518	0.0	0.0	0.0	4978.556420000001	0.0	1388.1724	3957.83191	8.89965	38.07899999999999	6155.1315399999985	3174.6880100000003	4123.308050000001	8036.529499999999	154.78623000000002	3340.33289	1709.57388	2783.028600000001
S31_Z09	0.0	327.94359000000003	38.708	28.0236	1966.90268	2048.7780000000007	36.65306	638.26155	32.17487	0.0	451.8285	0.0	0.0	0.0	722.4767	147.10269	210.32352	34.80455	99.61854	39.21151	32.46816	12.338	217.43270999999996	0.0	0.0	0.0	0.0	0.0	0.0	0.0	27.14522	23.32389	1334.5878900000007	62.61993	109.20852	0.0	52.08981	106.8871	16.84144	26.3108	5.05204	0.0	0.0	2039.27728	0.0	49.1306	975.5436499999996	36.18739	504.90137	2218.3572799999997	700.13407	870.7243399999998	1286.54013	1049.6438300000002	868.49456	727.4013199999999	1596.1716199999998
S32_Z00	11.0244	125.14126	99.67558	346.2954	527.87434	484.74249	0.0	267.79628999999994	0.0	9.67461	50.48545	7.82374	0.0	0.0	373.1477	58.0553	0.0	0.0	177.64309	0.0	72.94988000000001	115.14517	0.0	0.0	0.0	0.0	0.0	0.0	0.0	114.50422	479.3250699999999	476.68467	1630.291368	998.78799	398.8430100000001	65.9961	57.62547	148.00681	183.0515	56.030899999999995	464.64185	0.0	6.50655	420.02608	9.62834	0.0	1126.9863099999998	39.89969	315.00255	1925.4292599999992	972.91154	199.35533000000004	671.8801899999999	398.64775	105.61182	132.13881999999998	646.4231000000001
S32_Z01	21.604190000000003	476.93013	226.31981	631.8444499999999	744.5411600000001	643.3106400000001	13.1223	618.1451800000001	10.3369	0.0	90.95714	17.66595	0.0	20.26842	476.27772	88.69754999999999	51.71853	0.0	166.66041	0.0	307.94397999999995	249.36194000000003	105.79233	0.0	0.0	0.0	0.0	0.0	29.9086	260.51356000000004	822.75953	712.6441099999998	2855.79277	1238.2624499999995	1060.78228	176.59830000000002	290.75043	361.44328	326.45151	275.12615	1067.20852	0.0	7.02494	955.71405	38.63569	0.0	1457.2199300000004	38.13127	442.99146	3485.67816	1536.9355000000005	415.99986	898.8471199999997	686.4263999999998	268.97250999999994	183.47061	1003.78067
S32_Z03	0.0	223.47675999999996	15.1999	675.8368	2317.62626	4084.943940000001	6.70248	1386.5733899999998	375.98514	0.0	79.3462	0.0	0.0	6.3221	1904.67561	1495.63429	272.38637	153.50565999999998	413.85628	540.806	1763.83813	683.49715	73.2673	0.0	18.5184	0.0	0.0	0.0	0.0	0.0	584.38616	63.24261	3035.52483	3150.06517	411.63752000000005	223.3136	230.3474	13.7698	678.61882	218.82692	849.16727	0.0	0.0	3227.0477400000004	15.01075	140.84184	2035.59624	17.1431	27.848719999999997	3351.864149999999	2929.86444	1899.93452	4619.945149999999	576.65054	2234.26626	992.2084100000002	2258.11728
S32_Z05	0.0	1406.57965	35.57698	9.13318	2178.61981	5979.730799999998	5.0162	1553.8035	148.06369999999998	11.0113	75.47424000000001	0.0	0.0	0.0	817.0365599999999	1823.0218700000005	1223.27413	275.08545000000004	1668.92486	247.83822	27.94394	136.07559	73.97418000000002	0.0	10.8445	0.0	0.0	0.0	0.0	0.0	88.95918999999999	5.82869	4422.9486	23.66546	17.04222	0.0	0.0	0.0	18.99947	0.0	10.66771	0.0	0.0	3128.443689999999	3.46961	491.20167	3053.66286	5.82524	8.89841	3971.913480000002	2147.8433199999986	3084.9999799999996	4080.30717	291.95633	3094.34398	1370.1803100000002	1367.6298799999995
S32_Z07	0.0	375.18711	14.15644	4.66848	2188.79443	7929.277480000003	6.97796	1030.1344399999998	61.2659	0.0	70.3119	0.0	0.0	0.0	351.19644999999997	700.5410599999999	550.8514	121.65303	722.0905199999999	190.7962	36.82706	46.140069999999994	77.18982	0.0	0.0	0.0	0.0	0.0	0.0	11.39464	65.84802	22.60604	4698.74661	0.0	4.41563	0.0	0.0	0.0	0.0	6.45006	0.0	0.0	0.0	4598.334250000001	32.588229999999996	173.47010999999998	3431.4725200000003	0.0	6.3017	3806.81632	1736.9439800000005	2496.1868999999997	5531.40628	192.7263	2711.3326	1183.4363199999996	1880.3641199999995
S32_Z09	0.0	272.48609999999996	11.95339	4.46316	1786.70823	3826.84127	94.4069	959.86182	54.76587000000001	0.0	254.80338	0.0	0.0	5.19619	732.1870799999999	195.10382	386.54061999999993	58.0368	66.07585999999999	6.98962	9.19383	318.62219999999996	189.13285	0.0	7.43381	0.0	0.0	0.0	0.0	0.0	7.96865	8.35731	2355.9897999999994	21.14547	21.57036	0.0	4.19938	24.39541	0.0	23.62451	28.359119999999997	0.0	0.0	2813.8606600000007	7.03528	65.35959	1797.4587	10.74533	209.82515	2774.9245900000014	1396.63327	1188.8648200000002	2417.60838	1408.7019000000005	1907.1909099999996	953.6461	1460.68379
S33_Z00	19.7001	75.52011999999999	225.31439	377.29269	766.80982	436.9796900000001	66.0017	466.39826	0.0	4.96825	198.39000000000004	21.24409	0.0	23.4389	599.1017600000001	94.19449	0.0	0.0	299.39065	0.0	527.70843	215.73769	0.0	0.0	0.0	0.0	0.0	0.0	31.3457	160.7455	409.22206	511.57983	2107.95175	221.66953	586.63605	347.88442000000003	351.94210000000004	247.33823	302.83784	93.6255	800.14593	0.0	69.80890000000001	251.50319	38.1407	0.0	1015.49371	96.12217	344.54749000000004	1892.85834	1159.9510100000002	393.85568	566.1837499999999	1799.2057299999997	222.72738	254.40447	744.5438700000002
S33_Z01	18.3752	185.33593	134.84004	748.8449999999999	1215.83106	966.44667	175.7152	663.9449800000002	190.26065999999997	8.84218	489.5617	9.49895	0.0	21.83157	2784.93112	1708.6330200000002	261.21606	193.72831	655.6314800000001	442.485	1273.07012	1178.99414	53.35929	0.0	0.0	0.0	0.0	0.0	0.0	254.6184	763.4034799999998	175.25138	3092.162469999999	3174.7814600000006	783.22093	568.8004	530.82367	149.0564	662.20515	646.67764	1526.1024900000002	0.0	5.76744	2068.27205	0.0	135.38	1450.1133599999994	16.1154	209.77628	3931.916999999999	1811.24276	1505.7591200000004	2356.5130000000004	918.03967	1350.00242	752.29113	2070.4119399999995
S33_Z03	0.0	246.62425	44.8554	884.38047	3726.07416	4315.702909999999	10.1473	1190.39328	833.18615	0.0	148.74842999999998	0.0	0.0	4.02308	1829.0968299999993	1674.3816500000005	397.3628	540.0547100000001	831.52096	448.77785	826.9539199999999	428.1533	72.12927	0.0	27.6103	0.0	0.0	0.0	37.2202	1.71319	832.5943299999999	147.57380999999998	4328.78459	1179.14802	58.68865	333.87940000000003	316.39979	36.9349	865.32386	300.40971	1121.7808	0.0	0.0	3222.101929999999	0.0	188.3437	2151.9142899999997	40.7287	23.3121	5078.6758	2901.48744	1965.99063	6184.580980000002	633.01269	2859.5614100000007	1828.2864800000004	3206.6043700000005
S33_Z05	0.0	303.87182	46.09001	87.2996	2996.8613800000007	9223.286310000003	27.7186	1637.7056000000002	180.4983	16.9303	103.6182	8.32821	0.0	0.0	736.66857	696.86661	740.76174	555.3843299999999	444.67918	86.8619	129.98008000000002	98.37212	153.02685	0.0	23.174999999999997	0.0	0.0	0.0	0.0	0.0	167.41174	46.3939	4206.094549999999	236.22864	107.27828	30.0873	53.921679999999995	24.2555	79.026	46.4374	106.19308	0.0	0.0	3186.34994	0.0	79.97945	3445.7249299999994	17.616709999999998	60.05037	5784.886189999998	3093.4549999999995	1618.31899	5708.450180000001	307.03762	2657.17497	1704.3973099999992	2935.59333
S33_Z07	0.0	611.2531799999999	31.0025	8.5262	4492.6848	12176.387140000004	0.0	2709.18471	54.5023	10.3932	98.5485	10.6003	0.0	0.0	454.06347	522.19669	426.03991	800.7781699999999	517.30654	42.6374	44.7023	28.9598	173.79231	0.0	12.92187	0.0	7.18026	0.0	0.0	0.0	34.05839	4.27099	4560.31068	0.0	16.49295	0.0	0.0	7.96117	10.36166	0.0	0.0	0.0	0.0	4828.515510000001	17.6036	35.19891	4177.28952	0.0	30.61806	7242.474100000003	3114.0411099999988	3051.8078199999995	8194.96141	120.7012	4037.16629	1652.9123799999995	2009.32992
S33_Z09	0.0	388.36405	6.99888	41.41726	1680.3648799999994	3162.735450000001	47.80574	667.67083	41.7872	0.0	47.2816	7.11208	0.0	0.0	568.8066999999999	147.13524999999998	430.62287	46.09167	57.52998	0.0	7.57752	97.5648	493.90131999999994	0.0	8.77825	0.0	0.0	0.0	0.0	0.0	7.02896	42.25367	1756.7880299999997	43.75435	27.96557	13.04426	20.70267	69.36163	10.6384	21.43958	44.881330000000005	0.0	0.0	2072.27738	0.0	19.48241	793.3019700000002	27.970080000000003	28.00342	1695.1621299999997	984.4924100000002	967.53714	1630.1126599999998	1075.90997	1548.8286	784.86881	1209.8078400000002
S34_Z00	27.0943	83.70320000000001	288.96494	481.16128	882.6502400000003	619.64656	89.7769	454.09886000000006	7.73893	11.1108	204.0928	79.2838	0.0	11.1735	1036.18827	255.5205	29.26064	0.0	286.73999999999995	0.0	197.58233	242.70435	1.73253	0.0	0.0	0.0	0.0	0.0	9.48709	455.73268	408.5431899999999	203.83659	2614.854060000001	279.41629	554.10205	191.28813999999997	433.2597999999999	235.77888	333.95099999999996	213.50732	447.24179	0.0	102.00961	702.7809	16.3192	0.0	825.74836	57.14283	378.62576	2548.8485699999987	1174.96239	511.6121899999998	1079.9898500000002	273.53241	995.51993	248.28676	933.45779
S34_Z01	8.01655	87.17875000000001	180.46191	846.8322499999999	1893.47081	1923.4694900000009	77.7349	1028.5434900000002	918.64749	0.0	443.85382	0.0	0.0	0.0	2929.8987099999995	1931.60094	40.74861	91.43908	417.9007	214.0337	1573.36166	1169.29941	69.87672	0.0	20.734	0.0	0.0	0.0	0.0	148.08538	922.7617	223.52952	3839.71066	3144.1434400000003	1341.77284	808.1981	889.1861	71.21932000000001	1130.463	948.44998	1528.19074	0.0	0.0	3132.3131399999997	60.60974	0.0	1989.9531199999997	16.6821	112.19096	4959.517860000003	2756.2360499999995	1449.5069600000004	2747.4766000000004	909.4986	1201.67333	1061.04924	2857.8350799999994
S34_Z03	0.0	146.26944	11.544	133.7054	2643.7768899999996	6223.808589999997	12.0072	1598.35761	466.79128	11.0364	96.27042	0.0	0.0	0.0	1266.0431700000004	1216.38703	322.49415999999997	413.9321900000001	419.73079	107.67039	80.84141	115.86707	116.5419	0.0	16.633	0.0	0.0	0.0	0.0	0.0	97.3013	72.44890000000001	3332.962650000001	494.27240000000006	97.2726	59.8412	57.64812	31.08317	126.3767	68.9151	175.57613	0.0	0.0	2691.0277200000005	0.0	32.7744	2515.7492199999992	10.7447	13.50809	3314.4630099999995	2766.1503900000007	1790.0033400000002	4600.974069999999	335.27273	2353.1033	1331.0488799999996	2120.3200300000003
S34_Z05	0.0	468.2241800000001	29.61829	14.77864	3140.9697300000007	8021.2716599999985	0.0	1495.14512	210.2005	16.7351	91.2734	0.0	0.0	0.0	664.28813	774.08071	577.07162	384.8081	575.3378299999998	144.06642	26.504799999999996	49.93077	149.16361999999998	0.0	14.3243	0.0	0.0	0.0	0.0	0.0	85.47876	36.24831	3506.677610000001	59.87582	24.9446	12.8536	0.0	35.3976	25.2148	13.7376	34.48458	0.0	0.0	3615.255019999999	0.0	244.41929999999996	2978.9587700000006	16.48113	0.0	3518.738539999999	2847.706759999999	2412.5253100000004	5042.0208900000025	307.14993000000004	3910.12234	1160.8449500000002	1820.0734499999996
S34_Z07	0.0	236.51711000000003	27.327730000000003	22.02429	3367.1022700000003	9231.145159999998	0.0	1947.8501599999995	132.55304	11.4714	107.6661	3.58333	0.0	0.0	581.2240000000002	639.4693900000001	445.05096	431.35647000000006	519.31632	90.6949	41.22722	33.0832	191.45164	0.0	10.5081	0.0	0.0	0.0	4.88919	0.0	28.212190000000003	7.04344	4359.22793	0.0	31.774330000000003	8.40209	17.16544	0.0	0.0	6.2619	19.49041	0.0	0.0	2938.1245	10.1377	258.8592	3589.48577	5.99477	9.10209	5032.030070000002	2318.52373	2114.6728399999997	5901.616400000002	266.60009	2262.0151199999996	838.4967099999999	1580.8082900000002
S34_Z09	0.0	197.79382	4.95398	0.0	3767.210739999999	10798.67472	0.0	2295.10594	6.40796	5.47357	57.43871	0.0	0.0	0.0	257.78497000000004	218.32327	207.63133	160.73520000000002	315.66358	52.4451	46.23898	37.3489	95.0549	0.0	0.0	0.0	0.0	0.0	0.0	4.66823	44.69604	20.62797	3977.498609999999	0.0	5.36236	8.82139	0.0	5.13503	0.0	0.0	0.0	0.0	0.0	3459.4838799999993	9.28301	192.80338	1583.4944099999998	7.74822	19.2704	4979.830380000004	1669.46263	2142.5051799999997	5596.38488	157.0126	6182.32597	887.2853700000002	909.68631
